hex,type,flight,r,t,alt_baro,alt_geom,gs,track,baro_rate,squawk,emergency,category,nav_qnh,nav_altitude_mcp,nav_heading,lat,lon,nic,rc,seen_pos,version,nic_baro,nac_p,nac_v,sil,sil_type,gva,sda,alert,spi,mlat,tisb,messages,seen,rssi,dbFlags,geom_rate,nav_modes,true_heading,timestamp
a2bb83,adsb_icao,UAL2389 ,N27503,B39M,28150,29775.0,483.5,162.05,-2048.0,3570,none,A3,1013.6,27008.0,161.02,28.152924,-83.045601,8,186,0.091,2.0,1.0,10.0,2.0,3.0,perhour,2.0,2.0,0.0,0.0,[],[],24809699,0.1,-12.6,,,,,2024-09-21 18:03:03.773572+00:00
a46303,adsr_icao,CXK344  ,N382D,P28A,5650,5850.0,90.6,349.19,40.0,1200,none,A1,,,,28.176865,-82.923748,0,0,0.85,,,,0.0,,perhour,,,0.0,0.0,['baro_rate'],[],3911176,0.5,-10.7,8.0,-128.0,,,2024-09-21 18:03:03.773572+00:00
a662b7,adsb_icao,N510PC  ,N510PC,TAMP,2350,2325.0,79.1,182.17,,1200,none,A1,,,,27.954758,-82.894108,10,25,0.477,2.0,1.0,10.0,2.0,3.0,perhour,2.0,2.0,0.0,0.0,[],[],3530856,0.5,-4.7,,768.0,,,2024-09-21 18:03:03.773572+00:00
a1ccd4,adsb_icao,N215HR  ,N215HR,C172,6200,6350.0,138.3,164.05,-512.0,7304,none,A1,1012.8,,170.16,28.067927,-82.890499,9,75,0.091,2.0,1.0,10.0,2.0,3.0,perhour,2.0,2.0,0.0,0.0,[],[],612378,0.1,-6.6,,,,,2024-09-21 18:03:03.773572+00:00
ad292a,adsb_icao,SWA2131 ,N947WN,B737,10475,10925.0,304.1,136.07,-1536.0,2517,none,A3,1012.8,4992.0,139.22,28.25322,-82.889469,8,186,0.091,2.0,1.0,10.0,2.0,3.0,perhour,2.0,2.0,0.0,0.0,[],[],27433351,0.1,-6.6,,,,,2024-09-21 18:03:03.773572+00:00
ad1175,adsb_icao,CXK363  ,N941G,P28A,4075,4150.0,93.0,178.77,192.0,6603,none,A1,1012.8,4000.0,,28.082657,-82.876792,9,75,0.091,2.0,1.0,10.0,2.0,3.0,perhour,2.0,2.0,0.0,0.0,[],[],5502257,0.0,-9.3,8.0,,,,2024-09-21 18:03:03.773572+00:00
a48ac4,adsb_icao,FFT4978 ,N392FR,A20N,22600,23875.0,428.0,90.0,-1088.0,4021,none,A3,1012.8,7008.0,,27.880787,-82.850277,8,186,0.0,2.0,1.0,10.0,4.0,3.0,perhour,2.0,3.0,0.0,0.0,[],[],19907367,0.0,-13.6,,,,,2024-09-21 18:03:03.773572+00:00
a6df5a,adsr_icao,CXK399  ,N542A,P28A,2825,2800.0,100.1,171.38,-349.0,1663,none,A1,,,,27.821686,-82.848004,0,0,0.227,,,,0.0,,,,,0.0,0.0,['baro_rate'],[],4622920,0.2,-2.8,8.0,-512.0,,,2024-09-21 18:03:03.773572+00:00
a1ca5c,adsb_icao,N214WK  ,N214WK,C182,100,0.0,123.1,182.79,,1200,none,A1,,,,28.088562,-82.842037,10,25,0.477,2.0,0.0,10.0,1.0,3.0,perhour,2.0,2.0,0.0,0.0,[],[],172818,0.5,-17.0,,-64.0,,,2024-09-21 18:03:03.773572+00:00
a7ef49,adsb_icao,N610FP  ,N610FP,LJ60,3250,3300.0,211.2,50.96,,3602,none,A2,,,,27.742899,-82.811825,8,186,0.192,2.0,1.0,10.0,1.0,3.0,perhour,2.0,2.0,0.0,0.0,[],[],3527833,0.2,-7.4,,-704.0,,,2024-09-21 18:03:03.773572+00:00
a0ba91,adsb_icao,N146SG  ,N146SG,R44,700,600.0,79.3,336.99,,0267,none,A7,,,,28.050018,-82.802529,9,75,0.005,2.0,0.0,10.0,2.0,3.0,perhour,2.0,2.0,0.0,0.0,[],[],1379755,0.0,-5.6,,320.0,,,2024-09-21 18:03:03.773572+00:00
abe2b0,adsb_icao,N865PA  ,N865PA,C172,1575,1525.0,96.0,0.6,320.0,1200,none,A1,1012.8,1504.0,,27.710175,-82.786335,9,75,0.649,2.0,1.0,10.0,2.0,3.0,perhour,2.0,2.0,0.0,0.0,[],[],5107394,0.5,-4.4,,,,,2024-09-21 18:03:03.773572+00:00
add1f7,adsb_icao,N99TD   ,N99TD,BE58,2475,2500.0,142.4,175.57,512.0,0135,none,A1,1012.0,3008.0,180.0,27.854438,-82.781824,9,75,0.192,2.0,1.0,10.0,2.0,3.0,perhour,2.0,2.0,0.0,0.0,[],[],270150,0.2,-5.8,,,['autopilot'],,2024-09-21 18:03:03.773572+00:00
ab8afc,adsr_icao,N84299  ,N84299,C172,800,825.0,89.6,141.34,192.0,1200,none,A1,,,,27.976639,-82.750185,0,0,0.921,,,,0.0,,perhour,,,0.0,0.0,[],[],1520279,0.4,-1.2,,,,,2024-09-21 18:03:03.773572+00:00
a3d79a,adsr_icao,CXK480  ,N347D,P28A,1975,1975.0,99.1,278.7,605.0,1200,none,A1,,,,27.84819,-82.739177,0,0,0.426,,,,0.0,,perhour,,,0.0,0.0,['baro_rate'],[],4083500,0.2,-1.0,8.0,704.0,,,2024-09-21 18:03:03.773572+00:00
a5de4a,adsb_icao,N4776E  ,N4776E,C172,1000,900.0,84.5,62.53,,1200,none,A1,,,,27.723906,-82.71654,9,75,0.477,2.0,0.0,10.0,2.0,3.0,perhour,2.0,2.0,0.0,0.0,[],[],6122091,0.2,-10.8,,-192.0,,,2024-09-21 18:03:03.773572+00:00
a8b37b,adsb_icao,N66SL   ,N66SL,,7500,7700.0,93.6,319.33,512.0,0145,none,A1,1012.8,7488.0,329.06,27.624023,-82.714458,9,75,0.017,2.0,1.0,10.0,2.0,3.0,perhour,2.0,2.0,0.0,0.0,[],[],353474,0.0,-14.4,,,"['autopilot', 'althold']",,2024-09-21 18:03:03.773572+00:00
a529ee,adsb_icao,N4315T  ,N4315T,PA32,4025,4075.0,127.9,344.12,64.0,0014,none,A1,,,,27.426727,-82.712022,9,75,0.017,2.0,1.0,10.0,2.0,3.0,perhour,2.0,2.0,0.0,0.0,[],[],384152,0.0,-7.9,,,,,2024-09-21 18:03:03.773572+00:00
a38024,adsr_icao,N8119Q  ,N3244V,BE35,800,650.0,68.0,65.7,-384.0,0125,none,A7,,,,27.878265,-82.711349,0,0,2.223,,,,0.0,,perhour,,,0.0,0.0,[],[],149008,2.0,-19.0,,,,,2024-09-21 18:03:03.773572+00:00
a64cef,adsb_icao,,N505EH,LJ55,43000,45150.0,472.1,168.14,,2471,none,,,43008.0,,27.955902,-82.705289,8,186,0.091,2.0,1.0,10.0,2.0,3.0,perhour,2.0,2.0,0.0,0.0,[],[],630605,0.0,-9.6,,-256.0,,,2024-09-21 18:03:03.773572+00:00
a6db36,adsb_icao,N54067  ,N54067,C172,4700,4850.0,85.3,309.29,,1200,none,A1,,,,27.382864,-82.69631,9,75,0.076,2.0,0.0,10.0,2.0,3.0,perhour,2.0,2.0,0.0,0.0,[],[],6046599,0.1,-6.5,,-128.0,,,2024-09-21 18:03:03.773572+00:00
a85c03,adsb_icao,TCF638  ,N638FT,P28A,800,625.0,76.0,339.18,,0162,none,A1,,,,27.929015,-82.693722,9,75,0.477,2.0,0.0,10.0,2.0,3.0,perhour,2.0,2.0,0.0,0.0,[],[],4993494,0.5,-4.7,,768.0,,,2024-09-21 18:03:03.773572+00:00
a23113,adsr_icao,N240MA  ,N240MA,GLAS,10400,10925.0,170.1,148.46,960.0,1200,none,A1,,,,28.547745,-82.684637,0,0,0.0,,,,0.0,,perhour,,,0.0,0.0,[],[],79717,0.0,-15.8,,,,,2024-09-21 18:03:03.773572+00:00
a85c3d,adsb_icao,N638JA  ,N638JA,P28A,5025,5175.0,117.9,202.43,0.0,3741,none,A1,1012.8,4992.0,180.0,28.596497,-82.67682,9,75,0.0,2.0,1.0,10.0,2.0,3.0,perhour,2.0,2.0,0.0,0.0,[],[],5800644,0.0,-8.8,,,"['autopilot', 'althold']",,2024-09-21 18:03:03.773572+00:00
a64430,adsb_icao,N5023S  ,N5023S,P28R,1175,1025.0,141.1,199.46,0.0,1200,none,A1,1012.0,1088.0,336.8,27.618512,-82.674496,9,75,0.649,2.0,1.0,10.0,2.0,3.0,perhour,2.0,2.0,0.0,0.0,[],[],2137119,0.4,-5.3,,,,,2024-09-21 18:03:03.773572+00:00
a1f53f,adsb_icao,N225TB  ,N225TB,P28A,1400,1350.0,86.5,354.03,-448.0,4542,none,A1,1012.8,800.0,,27.826996,-82.673777,9,75,0.649,2.0,1.0,10.0,2.0,3.0,perhour,2.0,2.0,0.0,0.0,[],[],6289693,0.0,-7.6,,,[],,2024-09-21 18:03:03.773572+00:00
a6f777,adsb_icao,DAL1525 ,N548US,B752,3025,3075.0,164.2,86.86,0.0,2013,none,A4,1012.8,3008.0,90.0,27.69765,-82.656802,8,186,0.192,2.0,1.0,10.0,2.0,3.0,perhour,2.0,2.0,0.0,0.0,[],[],17028180,0.2,-9.3,,,,,2024-09-21 18:03:03.773572+00:00
a97808,adsb_icao,N709WY  ,N709WY,PC12,8850,9250.0,164.3,330.47,1280.0,3736,none,A1,1012.0,11008.0,,27.864807,-82.646104,9,75,0.091,2.0,1.0,10.0,2.0,3.0,perhour,2.0,2.0,0.0,0.0,[],[],4696783,0.0,-7.8,,,,,2024-09-21 18:03:03.773572+00:00
ae2913,adsb_icao,C6036   ,6036,H60,475,400.0,116.2,123.42,,0173,none,A7,,,,27.910446,-82.629003,10,25,0.524,2.0,1.0,11.0,1.0,3.0,perhour,2.0,2.0,0.0,0.0,[],[],456736,0.5,-7.2,1.0,0.0,,,2024-09-21 18:03:03.773572+00:00
a077fe,adsb_icao,,N12933,C172,0,,,243.0,,1200,none,A1,,,,27.764923,-82.628122,8,186,0.477,0.0,,8.0,,2.0,perhour,,,0.0,0.0,[],[],3794812,0.5,-1.7,,,,,2024-09-21 18:03:03.773572+00:00
ad5c89,adsb_icao,DAL3104 ,N960DZ,B739,75,-50.0,11.7,340.0,64.0,3340,,A3,1012.0,4992.0,139.22,27.402882,-82.563629,8,186,15.258,2.0,1.0,10.0,2.0,3.0,perhour,2.0,2.0,0.0,0.0,[],[],17165762,0.7,-29.3,,,,,2024-09-21 18:03:03.773572+00:00
a8f728,adsb_icao,EJA677  ,N677QS,C68A,ground,,0.0,,,3345,none,A2,,,,27.393362,-82.547982,8,75,39.464,2.0,,10.0,2.0,3.0,perhour,,2.0,,,[],[],9991288,16.9,-29.5,,,,180.0,2024-09-21 18:03:03.773572+00:00
a475d8,adsb_icao,,N387FR,A20N,ground,,2.8,,,,,,,,,27.97831,-82.537801,8,186,7.969,2.0,,10.0,4.0,3.0,perhour,,3.0,,,[],[],30339187,8.0,-14.1,,,,87.19,2024-09-21 18:03:03.773572+00:00
aa693c,adsb_icao,N770CC  ,N770CC,H25B,1350,1350.0,161.1,2.13,,1501,none,A2,1014.4,2016.0,4.22,27.900292,-82.531146,8,186,0.625,2.0,1.0,11.0,1.0,3.0,perhour,2.0,2.0,0.0,0.0,[],[],4984138,0.2,-16.8,,-704.0,,,2024-09-21 18:03:03.773572+00:00
ac468d,adsb_icao,AAL1948 ,N890NN,B738,ground,,15.5,,,,,A3,,,,27.967072,-82.530105,8,186,1.123,2.0,,9.0,1.0,3.0,perhour,,2.0,,,[],[],25612968,1.1,-15.2,,,,182.81,2024-09-21 18:03:03.773572+00:00
a9b7d8,adsb_icao,N725TR  ,N725TR,B350,ground,,0.1,306.0,,7147,,A1,,,,27.968571,-82.522246,8,186,34.913,2.0,,,,,perhour,,,,,[],[],1945189,25.0,-22.4,8.0,,,219.38,2024-09-21 18:03:03.773572+00:00
a85000,adsb_icao,N63472  ,N63472,C150,1000,950.0,91.4,217.0,,1200,none,A1,,,,27.754258,-82.470298,9,75,0.524,2.0,1.0,9.0,1.0,3.0,perhour,2.0,2.0,0.0,0.0,[],[],883890,0.4,-8.3,,-128.0,,,2024-09-21 18:03:03.773572+00:00
a48f8c,adsb_icao,N393SP  ,N393SP,C172,2375,2300.0,97.3,85.29,,0136,none,A1,,,,27.157013,-82.467628,9,75,0.076,2.0,1.0,10.0,2.0,3.0,perhour,2.0,2.0,0.0,0.0,[],[],6479939,0.0,-4.2,,-64.0,,,2024-09-21 18:03:03.773572+00:00
a11035,adsb_icao,N168JG  ,N168JG,BE36,350,225.0,106.4,26.81,-512.0,0103,none,A1,1012.8,512.0,,28.4561,-82.457305,9,75,0.0,2.0,1.0,10.0,2.0,3.0,perhour,2.0,2.0,0.0,0.0,[],[],996509,0.0,-25.3,,,,,2024-09-21 18:03:03.773572+00:00
ac9de3,adsb_icao,N9118S  ,N9118S,P28A,1000,925.0,81.2,52.0,,1200,none,A1,,,,27.792058,-82.446001,9,75,0.524,2.0,1.0,10.0,2.0,3.0,perhour,2.0,2.0,0.0,0.0,[],[],5075191,0.5,-8.8,,448.0,,,2024-09-21 18:03:03.773572+00:00
a39630,adsb_icao,DAL1266 ,N330DX,A321,25000,26400.0,482.0,170.93,0.0,2262,none,A3,1012.8,24992.0,,28.730988,-82.432004,8,186,0.071,2.0,1.0,9.0,1.0,3.0,perhour,2.0,2.0,0.0,0.0,[],[],34029340,0.0,-12.5,,,,,2024-09-21 18:03:03.773572+00:00
a21399,adsb_icao,N2329Z  ,N2329Z,BE23,1625,1525.0,80.2,3.58,,1200,none,A1,,,,28.741104,-82.41394,9,75,0.0,2.0,0.0,10.0,2.0,3.0,perhour,2.0,2.0,0.0,0.0,[],[],833564,0.0,-14.5,,192.0,,,2024-09-21 18:03:03.773572+00:00
ad3f46,adsb_icao,N9526G  ,N9526G,C172,1025,925.0,94.6,128.57,,1200,none,A1,,,,27.895523,-82.378546,9,75,0.623,2.0,1.0,10.0,2.0,3.0,perhour,2.0,2.0,0.0,0.0,[],[],4021340,0.5,-8.8,,0.0,,,2024-09-21 18:03:03.773572+00:00
a67146,adsb_icao,N514LA  ,N514LA,DA40,4850,5000.0,145.2,221.37,-704.0,0772,none,A1,1012.0,2016.0,,27.668198,-82.35989,9,75,0.071,2.0,1.0,10.0,2.0,3.0,perhour,2.0,2.0,0.0,0.0,[],[],3563495,0.1,-21.3,,,,,2024-09-21 18:03:03.773572+00:00
a5ae8a,adsr_icao,N4650D  ,N4650D,C172,200,25.0,60.8,43.67,-832.0,1200,none,A1,,,,28.011226,-82.348723,8,186,3.349,,0.0,9.0,0.0,3.0,perhour,2.0,2.0,0.0,0.0,[],[],2158838,3.3,-17.9,,-640.0,,,2024-09-21 18:03:03.773572+00:00
a11e5c,adsb_icao,N171RA  ,N171RA,C172,2600,2550.0,107.7,15.07,,0105,none,A1,,,,27.525081,-82.312053,9,75,0.426,2.0,1.0,10.0,2.0,3.0,perhour,2.0,2.0,0.0,0.0,[],[],5604655,0.1,-13.0,,128.0,,,2024-09-21 18:03:03.773572+00:00
a68c12,adsr_icao,N52054  ,N52054,C162,2100,2100.0,96.8,109.93,-256.0,1200,none,A1,,,,28.026215,-82.311049,8,186,0.524,,0.0,9.0,0.0,3.0,perhour,2.0,2.0,0.0,0.0,[],[],1208760,0.4,-14.7,,-256.0,,,2024-09-21 18:03:03.773572+00:00
a0704a,adsb_icao,N12713  ,N12713,C172,2000,1975.0,74.9,55.89,,1200,none,A1,,,,28.052006,-82.297722,8,186,0.0,2.0,1.0,9.0,2.0,3.0,perhour,2.0,2.0,0.0,0.0,[],[],3977160,0.0,-19.8,,512.0,,,2024-09-21 18:03:03.773572+00:00
ac3e80,adsb_icao,SWA3856 ,N8884Q,B38M,10900,11375.0,322.0,196.97,-128.0,2161,none,A3,1012.8,8992.0,206.02,28.344354,-82.292229,8,186,0.021,2.0,1.0,10.0,2.0,3.0,perhour,2.0,2.0,0.0,0.0,[],[],29163759,0.0,-7.0,,,,,2024-09-21 18:03:03.773572+00:00
a451c1,adsb_icao,N378CM  ,N378CM,C510,8000,8300.0,275.5,3.33,0.0,7445,none,A1,1013.6,8000.0,,28.365555,-82.279939,9,75,0.021,2.0,1.0,10.0,2.0,3.0,perhour,2.0,2.0,0.0,0.0,[],[],651533,0.0,-12.0,,,,,2024-09-21 18:03:03.773572+00:00
ad09b9,adsb_icao,N9392C  ,N9392C,P28A,2950,2925.0,96.9,121.07,,4543,none,A1,,,,27.901735,-82.251522,9,75,0.0,2.0,1.0,10.0,2.0,3.0,perhour,2.0,2.0,0.0,0.0,[],[],525265,0.0,-3.5,,0.0,,,2024-09-21 18:03:03.773572+00:00
a1cc84,adsb_icao,N215EL  ,N215EL,PIAT,2800,2875.0,102.2,329.42,-1024.0,1200,none,B4,1012.8,2816.0,,27.610877,-82.194531,9,75,0.403,2.0,1.0,10.0,2.0,3.0,perhour,2.0,2.0,0.0,0.0,[],[],844052,0.4,-25.5,,,[],,2024-09-21 18:03:03.773572+00:00
a7da61,adsb_icao,N605FT  ,N605FT,P28A,950,800.0,90.5,249.96,,1200,none,A1,,,,28.010971,-82.184759,9,75,0.39,2.0,1.0,10.0,2.0,3.0,perhour,2.0,2.0,0.0,0.0,[],[],1699685,0.4,-17.1,,-832.0,,,2024-09-21 18:03:03.773572+00:00
a81d69,adsb_icao,N6218E  ,N6218E,C172,2500,2550.0,61.5,187.47,,1200,none,A1,,,,28.449748,-82.183874,7,371,0.0,2.0,1.0,10.0,1.0,3.0,perhour,2.0,2.0,0.0,0.0,[],[],740093,0.0,-22.3,,-256.0,,,2024-09-21 18:03:03.773572+00:00
abbc52,adsb_icao,SWA2380 ,N8550Q,B738,22525,23700.0,445.3,257.68,1856.0,3224,none,A3,1013.6,24000.0,265.78,28.241226,-82.173562,8,186,0.091,2.0,1.0,10.0,2.0,3.0,perhour,2.0,2.0,0.0,0.0,[],[],30091135,0.0,-13.5,,,,,2024-09-21 18:03:03.773572+00:00
a228e6,adsb_icao,N2382R  ,N2382R,C172,1900,1775.0,93.2,51.53,-448.0,1200,none,A1,,,,27.964462,-82.169125,9,75,0.623,2.0,0.0,10.0,2.0,3.0,perhour,2.0,2.0,0.0,0.0,[],['baro_rate'],3650987,0.5,-9.8,,-640.0,,,2024-09-21 18:03:03.773572+00:00
a6fd03,adsb_icao,N5499W  ,N5499W,P28A,2450,2625.0,121.5,193.81,,1200,none,A1,,,,28.413717,-82.16901,9,75,0.0,2.0,1.0,9.0,1.0,3.0,perhour,2.0,2.0,1.0,0.0,[],[],265907,0.0,-12.8,,-256.0,,,2024-09-21 18:03:03.773572+00:00
a64272,adsb_icao,N502MA  ,N502MA,ULAC,3025,3050.0,117.7,49.13,-64.0,1200,none,A1,,,,27.287109,-82.168665,10,25,0.076,2.0,1.0,10.0,2.0,3.0,perhour,2.0,2.0,0.0,0.0,[],[],172665,0.1,-18.0,,,,,2024-09-21 18:03:03.773572+00:00
a7c6e6,adsb_icao,N60WM   ,N60WM,RV6,8500,8525.0,157.1,305.41,,1200,none,A1,,,,28.519577,-82.167717,9,75,0.324,2.0,0.0,9.0,1.0,3.0,perhour,2.0,2.0,0.0,0.0,[],[],206288,0.0,-14.6,,192.0,,,2024-09-21 18:03:03.773572+00:00
a23b5d,adsr_icao,N243CG  ,N243CG,PA25,800,700.0,68.0,138.58,-192.0,1200,none,A1,,,,28.210749,-82.163301,8,186,5.429,,0.0,9.0,0.0,3.0,perhour,2.0,2.0,0.0,0.0,[],[],240318,5.4,-7.5,,-576.0,,,2024-09-21 18:03:03.773572+00:00
a50043,adsb_icao,N421KM  ,N421KM,C421,1900,1800.0,141.9,276.47,,1200,none,A1,,,,28.023051,-82.159639,9,75,0.648,2.0,0.0,10.0,2.0,3.0,perhour,2.0,2.0,0.0,0.0,[],[],273597,0.5,-17.3,,-256.0,,,2024-09-21 18:03:03.773572+00:00
a199dd,adsb_icao,N202EH  ,N202EH,DHC6,1450,1425.0,77.9,15.64,768.0,0246,none,A1,1013.6,,156.8,28.251114,-82.147628,9,75,0.0,2.0,1.0,10.0,2.0,3.0,perhour,2.0,2.0,0.0,0.0,[],[],5181524,0.0,-13.8,,,,,2024-09-21 18:03:03.773572+00:00
0c206a,adsb_icao,CMP393  ,HP-1728CMP,B738,10975,11450.0,306.0,320.17,-128.0,0170,none,A3,1012.8,11008.0,322.03,27.438446,-82.145915,8,186,0.076,2.0,1.0,9.0,1.0,3.0,perhour,2.0,2.0,0.0,0.0,[],[],10674404,0.1,-9.0,,,,,2024-09-21 18:03:03.773572+00:00
a6a1af,adsb_icao,N52606  ,N52606,C172,2575,2525.0,115.5,196.08,-256.0,1200,none,A1,,,,27.402008,-82.13524,9,75,0.597,2.0,1.0,10.0,2.0,3.0,perhour,2.0,2.0,0.0,0.0,[],[],7791506,0.1,-15.0,,,,,2024-09-21 18:03:03.773572+00:00
a66656,adsb_icao,N511ND  ,N511ND,C172,2550,2575.0,98.7,353.02,0.0,1200,none,A1,,,,27.751884,-82.115461,9,75,0.425,2.0,1.0,10.0,2.0,3.0,perhour,2.0,2.0,0.0,0.0,[],[],2951751,0.0,-15.8,,,,,2024-09-21 18:03:03.773572+00:00
a5d910,adsr_icao,N476TC  ,N476TC,C152,8900,9225.0,89.9,331.44,128.0,1200,none,A1,,,,28.546097,-82.108278,0,0,5.266,,,,0.0,,,,,0.0,0.0,"['callsign', 'squawk']",[],2670846,0.8,-10.1,,,,,2024-09-21 18:03:03.773572+00:00
ad2ad5,adsb_icao,N94790  ,N94790,C152,1750,1650.0,80.8,40.99,-192.0,4761,none,A1,1013.6,1696.0,70.31,27.916213,-82.097819,9,75,0.192,2.0,1.0,10.0,2.0,3.0,perhour,2.0,2.0,0.0,0.0,[],[],3802048,0.2,-9.6,,,,,2024-09-21 18:03:03.773572+00:00
a92478,adsb_icao,UAL688  ,N68880,B739,26000,27425.0,459.5,18.4,0.0,5743,none,A3,1013.6,26016.0,23.91,28.669601,-82.075688,8,186,0.0,2.0,1.0,9.0,1.0,3.0,perhour,2.0,2.0,0.0,0.0,[],[],23827408,0.0,-13.5,,,,,2024-09-21 18:03:03.773572+00:00
acbc25,adsb_icao,N92DJ   ,N92DJ,E55P,13300,13850.0,316.2,322.84,-1664.0,4647,none,A1,1012.8,11008.0,,27.348404,-82.063414,9,75,0.325,2.0,1.0,10.0,2.0,3.0,perhour,2.0,3.0,0.0,0.0,[],[],4893892,0.1,-13.7,,,"['vnav', 'tcas']",,2024-09-21 18:03:03.773572+00:00
a939e8,adsb_icao,DAL1153 ,N694DL,B752,30600,32175.0,456.8,328.15,2048.0,2346,none,A4,1013.6,38016.0,345.23,28.032408,-82.04746,8,186,0.091,2.0,1.0,10.0,2.0,3.0,perhour,2.0,2.0,0.0,0.0,[],[],19097012,0.1,-14.5,,,,,2024-09-21 18:03:03.773572+00:00
ac8a1f,adsb_icao,N907KS  ,N907KS,C172,2600,2600.0,93.1,298.22,128.0,1200,none,A1,1013.6,2496.0,180.0,28.283478,-82.038557,9,75,0.0,2.0,1.0,10.0,2.0,3.0,perhour,2.0,2.0,0.0,0.0,[],[],5402538,0.0,-11.4,,,,,2024-09-21 18:03:03.773572+00:00
a74764,adsb_icao,SCX3046 ,N5683A,B738,ground,,0.0,,,3622,none,A3,,,,27.991395,-82.033283,8,186,5.429,2.0,,10.0,1.0,3.0,perhour,,2.0,,,[],[],22774115,3.5,-19.7,,,,90.0,2024-09-21 18:03:03.773572+00:00
abe862,adsb_icao,N8666Y  ,N8666Y,PA30,9500,9875.0,151.1,181.9,,1200,none,A1,,,,28.215311,-82.028288,9,75,0.091,2.0,0.0,10.0,2.0,3.0,perhour,2.0,2.0,0.0,0.0,[],[],922841,0.0,-15.5,8.0,-384.0,,,2024-09-21 18:03:03.773572+00:00
a8ea6d,adsb_icao,N67387  ,N67387,C152,7600,7800.0,90.2,328.6,,1200,none,A1,,,,28.399565,-82.005238,9,75,0.0,2.0,0.0,9.0,1.0,3.0,perhour,2.0,2.0,0.0,0.0,[],[],4001342,0.0,-14.4,,128.0,,,2024-09-21 18:03:03.773572+00:00
a772c8,adsb_icao,N5794M  ,N5794M,C310,1200,1150.0,118.1,272.43,-384.0,1200,none,A1,1013.6,,350.86,27.957691,-82.005023,9,75,0.425,2.0,1.0,10.0,2.0,3.0,perhour,2.0,2.0,0.0,0.0,[],[],16083,0.4,-8.9,,,,,2024-09-21 18:03:03.773572+00:00
aa353f,adsb_icao,N757NJ  ,N757NJ,C152,2025,2100.0,64.1,2.68,,1200,none,A1,,,,27.740707,-81.994543,10,25,0.426,2.0,1.0,10.0,2.0,3.0,perhour,2.0,2.0,0.0,0.0,[],[],703144,0.4,-21.3,,704.0,,,2024-09-21 18:03:03.773572+00:00
ac983e,adsb_icao,N910SC  ,N910SC,F900,6975,7200.0,239.7,38.73,,2311,none,A2,,,,28.467112,-81.991021,8,186,0.0,2.0,1.0,10.0,2.0,3.0,perhour,2.0,2.0,0.0,0.0,[],[],3063336,0.0,-12.3,8.0,0.0,,,2024-09-21 18:03:03.773572+00:00
a0106a,adsb_icao,N103FV  ,N103FV,C172,2750,2750.0,76.0,20.82,,1200,none,A1,,,,28.076294,-81.989646,10,25,0.673,2.0,1.0,10.0,2.0,3.0,perhour,2.0,2.0,0.0,0.0,[],[],2880684,0.3,-7.0,,0.0,,,2024-09-21 18:03:03.773572+00:00
a5ef47,adsb_icao,N4814U  ,N4814U,C210,3000,3000.0,113.8,337.26,,1200,none,A1,,,,28.222248,-81.989082,7,371,0.0,2.0,0.0,10.0,1.0,3.0,perhour,2.0,2.0,0.0,0.0,[],[],899943,0.0,-10.5,,-64.0,,,2024-09-21 18:03:03.773572+00:00
a1f8e4,adsb_icao,N226SJ  ,N226SJ,GLEX,14025,14650.0,320.0,65.84,-1152.0,6727,none,A3,1012.8,7008.0,,28.054962,-81.965138,8,186,0.0,2.0,1.0,10.0,2.0,3.0,perhour,2.0,2.0,0.0,0.0,[],[],3581690,0.0,-14.0,,,,,2024-09-21 18:03:03.773572+00:00
a6a902,adsr_icao,N5280D  ,N5280D,C172,3500,3600.0,102.7,138.55,256.0,4621,none,A1,,,,27.893868,-81.950508,7,371,1.33,,0.0,8.0,0.0,3.0,perhour,2.0,2.0,0.0,0.0,[],[],1624333,1.3,-8.3,,320.0,,,2024-09-21 18:03:03.773572+00:00
a127b9,adsb_icao,N17371  ,N17371,C150,2700,2750.0,74.5,353.07,-128.0,1200,none,A1,,,,28.197296,-81.92031,9,75,0.355,2.0,0.0,10.0,2.0,3.0,perhour,2.0,2.0,0.0,0.0,[],['baro_rate'],930015,0.0,-13.7,,-64.0,,,2024-09-21 18:03:03.773572+00:00
a72715,adsb_icao,N560BT  ,N560BT,C56X,24775,26050.0,349.5,342.34,1280.0,1442,none,A2,1013.6,43008.0,,27.525146,-81.915565,9,75,0.0,2.0,1.0,10.0,2.0,3.0,perhour,2.0,3.0,0.0,0.0,[],[],1616949,0.0,-15.2,,,,,2024-09-21 18:03:03.773572+00:00
abf512,adsb_icao,N87MB   ,N87MB,PA34,2900,2925.0,94.0,91.22,,1200,none,A1,,,,28.293274,-81.909626,9,75,0.356,2.0,0.0,10.0,2.0,3.0,perhour,2.0,2.0,0.0,0.0,[],[],841292,0.0,-9.0,,-128.0,,,2024-09-21 18:03:03.773572+00:00
a713ee,adsb_icao,N555VW  ,N555VW,BE9L,1850,1775.0,225.4,171.58,-1536.0,1200,none,A1,1012.8,2912.0,177.89,27.565535,-81.90783,9,75,19.533,2.0,1.0,10.0,2.0,3.0,perhour,2.0,2.0,0.0,0.0,[],['geom_rate'],1281753,4.5,-6.4,,-1600.0,['althold'],,2024-09-21 18:03:03.773572+00:00
a2e0b2,adsb_icao,N285BL  ,N285BL,P28A,2575,2575.0,91.2,350.54,-192.0,1200,none,A1,1011.2,2496.0,359.3,27.672638,-81.890276,9,75,3.424,2.0,1.0,10.0,2.0,3.0,perhour,2.0,2.0,0.0,0.0,[],[],7273813,3.4,-27.0,,,['althold'],,2024-09-21 18:03:03.773572+00:00
ad9cd9,adsb_icao,N9764F  ,N9764F,C172,2500,2525.0,116.1,159.85,,2634,none,A1,,,,27.906065,-81.874554,9,75,0.499,2.0,0.0,10.0,2.0,3.0,perhour,2.0,2.0,0.0,0.0,[],[],4634544,0.5,-13.1,,0.0,,,2024-09-21 18:03:03.773572+00:00
a6f2ce,adsr_icao,CXK341  ,N547K,P28A,1075,975.0,88.3,85.45,512.0,,,A1,,,,27.624284,-81.858603,8,186,0.673,,0.0,9.0,2.0,3.0,perhour,2.0,2.0,0.0,0.0,[],[],3956054,0.7,-6.7,8.0,,,,2024-09-21 18:03:03.773572+00:00
a70396,adsb_icao,N551ER  ,N551ER,C172,6075,6275.0,101.5,206.31,-128.0,2667,none,A1,,,,28.321218,-81.833712,9,75,0.0,2.0,1.0,10.0,2.0,3.0,perhour,2.0,2.0,0.0,0.0,[],[],793862,0.0,-7.2,,,,,2024-09-21 18:03:03.773572+00:00
a6adb1,adsb_icao,N5297G  ,N5297G,C172,2600,2600.0,108.5,189.55,-384.0,1200,none,A1,,,,27.667694,-81.822441,9,75,0.673,2.0,0.0,10.0,2.0,3.0,perhour,2.0,2.0,0.0,0.0,[],['baro_rate'],5565347,0.0,-8.6,,-448.0,,,2024-09-21 18:03:03.773572+00:00
a5d627,adsb_icao,N47509  ,N47509,P28A,2700,2725.0,104.0,89.45,,1200,none,A1,,,,27.655707,-81.80721,9,75,0.623,2.0,0.0,10.0,2.0,3.0,perhour,2.0,2.0,0.0,0.0,[],[],1113550,0.6,-21.1,,-384.0,,,2024-09-21 18:03:03.773572+00:00
a5448b,adsb_icao,N43899  ,N43899,P28A,3900,3900.0,78.2,4.4,,1200,none,A1,,,,27.645233,-81.794005,9,75,0.65,2.0,0.0,10.0,2.0,3.0,perhour,2.0,2.0,0.0,0.0,[],[],7192797,0.5,-19.6,,-64.0,,,2024-09-21 18:03:03.773572+00:00
a052ea,adsb_icao,N12SA   ,N12SA,C172,1175,1100.0,99.2,175.96,-128.0,1200,none,A1,1013.6,1216.0,,28.261631,-81.783034,9,75,0.325,2.0,1.0,10.0,2.0,3.0,perhour,2.0,2.0,0.0,0.0,[],[],5764154,0.0,-19.0,,,,,2024-09-21 18:03:03.773572+00:00
a66e34,adsb_icao,N513SR  ,N513SR,SR22,9025,9375.0,155.4,144.16,,1550,none,A1,,,,27.700653,-81.779584,9,75,0.076,2.0,1.0,10.0,2.0,3.0,perhour,2.0,2.0,0.0,0.0,[],[],441711,0.1,-19.5,,0.0,,,2024-09-21 18:03:03.773572+00:00
a2dcfb,adsb_icao,N284BL  ,N284BL,P28A,750,625.0,89.0,158.92,-192.0,1200,none,A1,1012.8,992.0,136.41,28.056289,-81.773556,9,75,5.366,2.0,1.0,10.0,2.0,3.0,perhour,2.0,2.0,0.0,0.0,[],[],6398708,4.0,-14.7,,,[],,2024-09-21 18:03:03.773572+00:00
a8358c,adsb_icao,N628SG  ,N628SG,C172,3075,3100.0,86.1,350.65,-320.0,1200,none,A1,1013.6,3200.0,,28.274231,-81.763634,9,75,0.292,2.0,1.0,10.0,2.0,3.0,perhour,2.0,2.0,0.0,0.0,[],[],3012551,0.0,-16.8,,,,,2024-09-21 18:03:03.773572+00:00
a7a616,adsb_icao,DAL1747 ,N592NW,B753,9025,9350.0,267.3,135.61,-64.0,5760,none,A4,1012.8,8992.0,139.92,28.432159,-81.747419,8,186,0.0,2.0,1.0,10.0,2.0,3.0,perhour,2.0,2.0,0.0,0.0,[],['geom_rate'],28217179,0.0,-8.9,,-320.0,,,2024-09-21 18:03:03.773572+00:00
a5a09d,adsb_icao,N46168  ,N46168,C172,500,450.0,88.1,65.18,,1200,none,A1,,,,28.030732,-81.74302,9,75,40.135,2.0,0.0,10.0,2.0,3.0,perhour,2.0,2.0,0.0,0.0,[],[],760036,30.9,-13.9,,-320.0,,,2024-09-21 18:03:03.773572+00:00
aa7823,adsb_icao,CAP847  ,N774CP,C182,4050,4075.0,124.8,118.21,320.0,6052,none,A1,1013.6,4000.0,,28.129097,-81.728264,9,75,0.0,2.0,1.0,10.0,2.0,3.0,perhour,2.0,2.0,0.0,0.0,[],[],1950464,0.0,-11.4,,,['althold'],,2024-09-21 18:03:03.773572+00:00
a4524c,adsb_icao,N378JA  ,N378JA,P28A,5025,5125.0,108.1,168.79,-320.0,1163,none,A1,1013.6,4992.0,,28.114471,-81.681501,9,75,0.39,2.0,1.0,10.0,2.0,3.0,perhour,2.0,2.0,0.0,0.0,[],[],2150013,0.0,-18.4,,,['althold'],,2024-09-21 18:03:03.773572+00:00
ad7f96,adsb_icao,SWA3074 ,N969WN,B737,8675,9050.0,277.7,85.87,-1024.0,2520,none,A3,1012.8,6016.0,90.0,28.168806,-81.610323,8,186,0.0,2.0,1.0,10.0,2.0,3.0,perhour,2.0,2.0,0.0,0.0,[],[],29273914,0.0,-13.9,,,,,2024-09-21 18:03:03.773572+00:00
a9e984,adsb_icao,N738HT  ,N738HT,C172,2000,1975.0,90.8,64.56,,1200,none,A1,,,,28.143202,-81.608653,9,75,0.623,2.0,0.0,10.0,2.0,3.0,perhour,2.0,2.0,0.0,0.0,[],[],169553,0.4,-5.9,,64.0,,,2024-09-21 18:03:03.773572+00:00
a803d4,adsb_icao,N6151H  ,N6151H,P28A,8500,8675.0,103.3,223.43,,1200,none,A1,,,,27.848899,-81.601322,9,75,0.356,2.0,0.0,9.0,1.0,3.0,perhour,2.0,2.0,0.0,0.0,[],[],2943516,0.1,-19.5,,-64.0,,,2024-09-21 18:03:03.773572+00:00
a712a5,adsb_icao,N555GS  ,N555GS,F2TH,8.0,10675,11125.0,307.7,109.55,-1024.0,1670,none,A2,1012.0,6016.0,27.936277,-83.285927,8,186,0.257,2.0,1.0,10.0,1.0,3.0,perhour,2.0,2.0,0.0,0.0,[],[],2254588,0.0,-16.9,,,,,,2024-09-21 18:18:05.587536+00:00
abc1bc,adsb_icao,DAL2226 ,N857DZ,B739,,27000,28500.0,491.0,158.24,,2476,none,A3,1013.6,27008.0,27.857837,-82.919998,8,186,0.373,2.0,1.0,10.0,2.0,3.0,perhour,2.0,2.0,0.0,0.0,[],[],27708672,0.1,-11.3,0.0,160.31,,,,2024-09-21 18:18:05.587536+00:00
a3d79a,adsr_icao,CXK480  ,N347D,P28A,8.0,4300,4375.0,102.7,353.29,64.0,1200,none,A1,,,28.077576,-82.915878,0,186,0.498,,0.0,9.0,0.0,3.0,perhour,2.0,2.0,0.0,0.0,[],[],4089353,0.4,-4.6,64.0,,,,,2024-09-21 18:18:05.587536+00:00
a662b7,adsb_icao,N510PC  ,N510PC,TAMP,,1525,1450.0,92.1,98.75,-64.0,1200,none,A1,,,27.932506,-82.888465,10,25,0.458,2.0,1.0,10.0,2.0,3.0,perhour,2.0,2.0,0.0,0.0,[],[],3537401,0.3,-12.2,,,,,,2024-09-21 18:18:05.587536+00:00
a8b37b,adsb_icao,N66SL   ,N66SL,,,7525,7650.0,123.0,0.0,,0145,none,A1,1012.8,7488.0,28.091948,-82.869873,9,75,0.324,2.0,1.0,10.0,2.0,3.0,perhour,2.0,2.0,0.0,0.0,[],[],362907,0.1,-8.4,0.0,7.03,"['autopilot', 'althold']",,,2024-09-21 18:18:05.587536+00:00
a46303,adsr_icao,CXK344  ,N382D,P28A,8.0,5425,5550.0,93.9,104.18,-320.0,1200,none,A1,,,28.211334,-82.865383,0,0,0.324,,,,0.0,,perhour,,,0.0,0.0,['baro_rate'],[],3915910,0.3,-12.6,-68.0,,,,,2024-09-21 18:18:05.587536+00:00
a85c3d,adsb_icao,N638JA  ,N638JA,P28A,,4025,4125.0,108.0,180.0,,3741,none,A1,1012.8,4000.0,28.158691,-82.836861,9,75,0.696,2.0,1.0,10.0,2.0,3.0,perhour,2.0,2.0,0.0,0.0,[],[],5809162,0.4,-10.7,0.0,180.0,"['autopilot', 'althold']",,,2024-09-21 18:18:05.587536+00:00
add1f7,adsb_icao,N99TD   ,N99TD,BE58,,2525,2550.0,152.0,270.75,,0135,none,A1,1012.0,2496.0,27.909975,-82.826614,9,75,0.039,2.0,1.0,10.0,2.0,3.0,perhour,2.0,2.0,0.0,0.0,[],[],278001,0.0,-3.9,64.0,277.73,"['autopilot', 'althold', 'lnav']",,,2024-09-21 18:18:05.587536+00:00
a615d0,adsb_icao,SWA1156 ,N491WN,B737,,33000,34850.0,443.8,117.95,,3453,none,A3,1013.6,4992.0,27.23909,-82.793746,8,186,0.154,2.0,1.0,8.0,1.0,3.0,perhour,1.0,2.0,0.0,0.0,[],[],28483784,0.2,-11.2,0.0,116.02,,,,2024-09-21 18:18:05.587536+00:00
ad5c89,adsb_icao,DAL3104 ,N960DZ,B739,,24475,25800.0,443.0,0.39,,3340,none,A3,1013.6,32000.0,28.308746,-82.785416,8,186,0.039,2.0,1.0,10.0,2.0,3.0,perhour,2.0,2.0,0.0,0.0,[],[],17176128,0.0,-10.6,1216.0,7.73,,,,2024-09-21 18:18:05.587536+00:00
abd764,adsb_icao,N862MM  ,N862MM,R44,,600,525.0,78.4,142.25,128.0,1200,none,A7,,,27.766781,-82.776067,9,75,0.36,2.0,0.0,9.0,1.0,3.0,perhour,2.0,2.0,0.0,0.0,[],[],1695475,0.4,-10.4,,,,,,2024-09-21 18:18:05.587536+00:00
ac8cef,adsb_icao,N908AL  ,N908AL,SR22,,925,850.0,164.8,161.24,,0177,none,A1,1012.0,992.0,27.741257,-82.773017,9,75,0.039,2.0,1.0,10.0,2.0,3.0,perhour,2.0,2.0,0.0,0.0,[],[],1719017,0.0,-10.3,-192.0,165.94,"['autopilot', 'althold']",,,2024-09-21 18:18:05.587536+00:00
abe2b0,adsb_icao,N865PA  ,N865PA,C172,,ground,,16.5,,,1200,none,A1,,,27.977313,-82.758596,9,75,1.164,2.0,,10.0,2.0,3.0,perhour,,2.0,,,[],[],5114022,0.3,-17.1,,,,154.69,,2024-09-21 18:18:05.587536+00:00
a0ba91,adsb_icao,N146SG  ,N146SG,R44,,ground,,0.3,337.5,,0267,none,A7,,,27.974962,-82.756105,9,75,11.825,2.0,,10.0,2.0,3.0,perhour,,2.0,,,[],[],1385111,11.8,-17.2,,,,,,2024-09-21 18:18:05.587536+00:00
acca85,adsb_icao,NKS840  ,N923NK,A20N,,17475,18325.0,384.7,336.57,,1463,none,A3,1012.8,26016.0,28.458221,-82.753978,8,186,0.154,2.0,1.0,10.0,4.0,3.0,perhour,2.0,3.0,0.0,0.0,[],[],28381665,0.2,-13.3,2432.0,,,,,2024-09-21 18:18:05.587536+00:00
a1ccd4,adsb_icao,N215HR  ,N215HR,C172,,4575,4600.0,139.6,148.47,,7304,none,A1,1012.0,,27.576828,-82.729642,9,75,0.458,2.0,1.0,10.0,2.0,3.0,perhour,2.0,2.0,0.0,0.0,[],[],621573,0.0,-3.9,-1024.0,149.06,,,,2024-09-21 18:18:05.587536+00:00
a6db36,adsb_icao,N54067  ,N54067,C172,,1000,950.0,84.9,57.99,64.0,1200,none,A1,,,27.709847,-82.724991,9,75,0.36,2.0,0.0,10.0,2.0,3.0,perhour,2.0,2.0,0.0,0.0,[],[],6054274,0.4,-13.7,,,,,,2024-09-21 18:18:05.587536+00:00
a33286,adsb_icao,N305GL  ,N305GL,B06,,500,500.0,92.7,325.11,384.0,1200,none,A7,,,27.68074,-82.719692,9,75,0.039,2.0,0.0,10.0,2.0,3.0,perhour,2.0,2.0,0.0,0.0,[],[],76495,0.0,-6.4,,,,,,2024-09-21 18:18:05.587536+00:00
ad1175,adsb_icao,CXK363  ,N941G,P28A,8.0,2125,2050.0,97.3,94.71,,6603,none,A1,1012.8,2016.0,27.734894,-82.719329,9,75,0.458,2.0,1.0,10.0,2.0,3.0,perhour,2.0,2.0,0.0,0.0,[],[],5510770,0.0,-3.8,-576.0,,,,,2024-09-21 18:18:05.587536+00:00
a85c03,adsb_icao,TCF638  ,N638FT,P28A,,2700,2650.0,93.0,18.82,320.0,0162,none,A1,,,28.292588,-82.707178,9,75,1.355,2.0,0.0,10.0,2.0,3.0,perhour,2.0,2.0,0.0,0.0,[],[],5000921,0.3,-6.0,,,,,,2024-09-21 18:18:05.587536+00:00
a38024,adsr_icao,N8119Q  ,N3244V,BE35,,400,300.0,68.3,39.05,-128.0,,,A7,,,27.893372,-82.695387,8,186,0.36,,0.0,9.0,1.0,3.0,perhour,2.0,2.0,0.0,0.0,[],[],149828,0.4,-18.4,0.0,,,,,2024-09-21 18:18:05.587536+00:00
acbc25,adsb_icao,N92DJ   ,N92DJ,E55P,,ground,-75.0,50.5,351.0,,4647,none,A1,1012.8,2016.0,27.908867,-82.68821,9,75,0.257,2.0,1.0,10.0,2.0,3.0,perhour,2.0,3.0,0.0,0.0,[],[],4902425,0.3,-4.3,-384.0,,['approach'],351.56,,2024-09-21 18:18:05.587536+00:00
a1ca5c,adsb_icao,N214WK  ,N214WK,C182,,800,775.0,95.8,65.31,-512.0,1200,none,A1,,,27.741735,-82.678774,10,25,0.039,2.0,0.0,10.0,1.0,3.0,perhour,2.0,2.0,0.0,0.0,[],[],178145,0.0,-5.4,,,,,,2024-09-21 18:18:05.587536+00:00
aaadb2,adsb_icao,SWA1786 ,N7876A,B737,,28525,30075.0,474.1,260.04,,0764,none,A3,1013.6,34016.0,28.315155,-82.673545,8,186,0.039,2.0,1.0,10.0,2.0,3.0,perhour,2.0,2.0,0.0,0.0,[],[],18279717,0.0,-10.5,1344.0,258.05,,,,2024-09-21 18:18:05.587536+00:00
a5de4a,adsb_icao,N4776E  ,N4776E,C172,,500,400.0,81.2,337.54,-704.0,1200,none,A1,,,27.756306,-82.637417,9,75,0.36,2.0,0.0,10.0,2.0,3.0,perhour,2.0,2.0,0.0,0.0,[],[],6126666,0.0,-5.0,,,,,,2024-09-21 18:18:05.587536+00:00
a0704a,adsb_icao,N12713  ,N12713,C172,,2275,2225.0,115.9,291.25,-448.0,1200,none,A1,,,28.292123,-82.61094,8,186,0.493,2.0,1.0,9.0,2.0,3.0,perhour,2.0,2.0,0.0,0.0,[],[],3984701,0.3,-10.0,,,,,,2024-09-21 18:18:05.587536+00:00
a9b7d8,adsb_icao,N725TR  ,N725TR,B350,8.0,13250,13850.0,199.4,165.48,1152.0,0030,none,A1,1012.8,15008.0,27.765384,-82.605726,8,186,0.154,2.0,1.0,10.0,1.0,3.0,perhour,2.0,2.0,0.0,0.0,[],[],1950449,0.1,-10.8,,170.16,,,,2024-09-21 18:18:05.587536+00:00
a48f8c,adsb_icao,N393SP  ,N393SP,C172,,1000,875.0,82.8,42.55,-256.0,0136,none,A1,,,27.353806,-82.590033,9,75,0.389,2.0,1.0,10.0,2.0,3.0,perhour,2.0,2.0,0.0,0.0,[],[],6486146,0.4,-15.5,,,,,,2024-09-21 18:18:05.587536+00:00
a475d8,adsb_icao,FFT4092 ,N387FR,A20N,,14075,14700.0,365.7,356.39,,3674,none,A3,1012.8,26016.0,28.378756,-82.583151,8,186,0.133,2.0,1.0,10.0,4.0,3.0,perhour,2.0,3.0,0.0,0.0,[],[],30342895,0.0,-5.6,3136.0,,,,,2024-09-21 18:18:05.587536+00:00
a8834f,adsb_icao,N648DS  ,N648DS,DA40,,725,625.0,76.8,38.66,,4751,none,A1,1012.0,2592.0,27.370834,-82.574434,9,75,0.039,2.0,1.0,10.0,2.0,3.0,perhour,2.0,2.0,0.0,0.0,[],[],1504736,0.0,-8.9,-896.0,,,,,2024-09-21 18:18:05.587536+00:00
a994e4,adsr_icao,N7161T  ,N7161T,C172,,3200,3350.0,104.9,100.99,-256.0,,,A1,,,28.66539,-82.559087,8,186,11.56,,0.0,9.0,0.0,3.0,perhour,2.0,2.0,0.0,0.0,[],[],13845,11.6,-17.3,,,,,,2024-09-21 18:18:05.587536+00:00
a55342,other,EJA442  ,,,,ground,,19.5,292.0,,,,,,,27.396654,-82.554756,0,0,10.139,0.0,,,,,,,,,,[],[],1774456,10.1,-49.5,,,,314.62,320.62,2024-09-21 18:18:05.587536+00:00
a8f728,adsb_icao,EJA677  ,N677QS,C68A,,ground,,0.0,180.0,,1200,none,A2,,,27.393362,-82.547982,8,186,11.558,2.0,,10.0,2.0,3.0,perhour,,2.0,,,[],[],9991322,4.1,-29.7,,,,180.0,,2024-09-21 18:18:05.587536+00:00
ae2913,adsb_icao,C6036   ,6036,H60,1.0,575,500.0,120.8,25.5,0.0,1200,none,A7,,,28.300415,-82.54641,10,25,0.493,2.0,1.0,11.0,1.0,3.0,perhour,2.0,2.0,0.0,0.0,[],[],462872,0.5,-13.4,,,,,,2024-09-21 18:18:05.587536+00:00
a740f1,adsb_icao,CNS2013 ,N567AF,PC12,,1225,1175.0,121.5,174.81,,2127,none,A1,1012.0,1600.0,27.377138,-82.546357,8,186,0.039,2.0,1.0,10.0,2.0,3.0,perhour,2.0,2.0,0.0,0.0,[],[],9673196,0.0,-6.1,1280.0,180.0,[],135.0,,2024-09-21 18:18:05.587536+00:00
a45504,adsb_icao,N3788S  ,N3788S,C172,,2600,2700.0,76.9,69.44,448.0,1200,none,A1,,,28.324493,-82.542238,9,75,0.333,2.0,0.0,9.0,1.0,3.0,perhour,2.0,2.0,0.0,0.0,[],[],125909,0.3,-12.2,,,,,,2024-09-21 18:18:05.587536+00:00
aaf4c8,adsb_icao,DAL2587 ,N805DN,B739,,850,775.0,177.1,358.38,,1155,none,A3,1012.8,6016.0,28.0009,-82.54134,8,186,0.498,2.0,1.0,10.0,2.0,3.0,perhour,2.0,2.0,0.0,0.0,[],[],28907323,0.4,-13.4,2944.0,7.03,,2.81,,2024-09-21 18:18:05.587536+00:00
0c206a,adsb_icao,,HP-1728CMP,B738,,ground,,11.8,,,,,A3,,,27.974334,-82.537846,8,186,26.915,0.0,,8.0,,2.0,perhour,,,0.0,0.0,[],[],10680992,26.9,-12.7,,,,303.75,,2024-09-21 18:18:05.587536+00:00
ac3e80,adsb_icao,SWA3856 ,N8884Q,B38M,,125,50.0,149.1,1.92,,2161,none,A3,1012.8,2016.0,27.962769,-82.529086,8,186,14.855,2.0,1.0,10.0,2.0,3.0,perhour,2.0,2.0,0.0,0.0,[],[],29173792,4.9,-13.4,0.0,11.25,,,,2024-09-21 18:18:05.587536+00:00
a64430,adsb_icao,N5023S  ,N5023S,P28R,,1150,1000.0,125.2,143.77,,1200,none,A1,1012.0,1088.0,27.154619,-82.521797,9,75,0.484,2.0,1.0,10.0,2.0,3.0,perhour,2.0,2.0,0.0,0.0,[],[],2143519,0.3,-14.3,0.0,336.8,,,,2024-09-21 18:18:05.587536+00:00
a108c0,adsb_icao,N166J   ,N166J,VR7,,925,825.0,81.3,265.06,,1200,none,A1,,,27.625681,-82.517518,9,75,0.36,2.0,1.0,9.0,2.0,3.0,perhour,2.0,2.0,0.0,0.0,[],[],173157,0.0,-9.0,-256.0,,,,,2024-09-21 18:18:05.587536+00:00
a6b890,adsb_icao,N532HF  ,N532HF,C172,,1800,1800.0,79.1,272.9,320.0,1200,none,A1,,,28.499373,-82.492568,10,25,0.693,2.0,0.0,10.0,1.0,3.0,perhour,2.0,2.0,0.0,0.0,[],[],2229058,0.3,-12.0,,,,,,2024-09-21 18:18:05.587536+00:00
ab33e3,adsr_icao,N8205A  ,N8205A,P28A,,2300,2300.0,81.4,84.36,,0122,none,A1,,,27.385162,-82.468147,0,0,0.498,,,,0.0,,perhour,,,0.0,0.0,[],[],1652928,0.5,-19.1,640.0,,,,,2024-09-21 18:18:05.587536+00:00
ac9de3,adsb_icao,N9118S  ,N9118S,P28A,,225,100.0,60.6,13.35,-1216.0,1200,none,A1,,,27.907415,-82.456671,9,75,0.257,2.0,1.0,10.0,2.0,3.0,perhour,2.0,2.0,0.0,0.0,[],[],5081021,0.3,-7.0,,,,,,2024-09-21 18:18:05.587536+00:00
a4d98e,adsr_icao,N411TP  ,N411TP,B407,,850,850.0,67.1,204.66,0.0,0205,none,A7,,,27.985245,-82.447639,8,186,0.406,,0.0,9.0,0.0,3.0,perhour,2.0,2.0,0.0,0.0,[],[],1436891,0.3,-11.4,0.0,,,,,2024-09-21 18:18:05.587536+00:00
a60732,adsb_icao,N488K   ,N488K,C421,,900,950.0,158.2,80.54,-64.0,1200,none,A1,,,27.926285,-82.402799,10,25,0.406,2.0,1.0,10.0,1.0,3.0,perhour,2.0,2.0,0.0,0.0,[],[],356361,0.3,-8.8,,,,,,2024-09-21 18:18:05.587536+00:00
a76594,adsr_icao,CXK185  ,N576K,P28A,8.0,5050,5175.0,109.0,144.71,128.0,2604,none,A1,,,28.723068,-82.374749,0,0,0.14,,0.0,9.0,0.0,3.0,perhour,2.0,2.0,0.0,0.0,[],[],5230950,0.1,-4.9,64.0,,,,,2024-09-21 18:18:05.587536+00:00
a9d688,adsb_icao,N733DN  ,N733DN,C172,,1000,975.0,88.8,215.84,-320.0,1200,none,A1,,,28.031709,-82.346838,10,25,0.48,2.0,1.0,10.0,1.0,3.0,perhour,2.0,2.0,0.0,0.0,[],[],2475293,0.5,-9.8,,,,,,2024-09-21 18:18:05.587536+00:00
a74764,adsb_icao,SCX3046 ,N5683A,B738,,13250,13800.0,361.8,344.12,,3622,none,A3,1012.8,16000.0,28.249878,-82.316437,8,186,0.493,2.0,1.0,10.0,2.0,3.0,perhour,2.0,2.0,0.0,0.0,[],[],22778674,0.2,-8.5,3008.0,350.16,,,,2024-09-21 18:18:05.587536+00:00
a06050,adsb_icao,N123RB  ,N123RB,RV9,,4200,4150.0,137.9,251.83,,1200,none,A1,,,28.510359,-82.313286,9,75,0.275,2.0,1.0,9.0,2.0,3.0,perhour,2.0,2.0,0.0,0.0,[],[],924242,0.0,-15.4,-1344.0,,,,,2024-09-21 18:18:05.587536+00:00
acc748,adsb_icao,N922TG  ,N922TG,B407,,1000,975.0,119.9,115.71,,0222,none,A7,1013.6,,27.892365,-82.312213,9,75,0.406,2.0,1.0,10.0,2.0,3.0,perhour,2.0,2.0,0.0,0.0,[],[],775353,0.0,-12.4,0.0,,,,,2024-09-21 18:18:05.587536+00:00
a607d0,adsr_icao,N488RH  ,N488RH,T206,,3600,3625.0,128.4,160.44,256.0,7324,none,A1,,,28.371308,-82.311886,0,186,1.271,,0.0,9.0,0.0,3.0,perhour,2.0,2.0,0.0,0.0,[],[],191584,1.3,-10.6,256.0,,,,,2024-09-21 18:18:05.587536+00:00
ac4210,adsb_icao,SWA2225 ,N8893L,B38M,,11000,11475.0,375.1,178.93,,6255,none,A3,1012.8,11008.0,28.582236,-82.2555,8,186,0.336,2.0,1.0,10.0,2.0,3.0,perhour,2.0,2.0,0.0,0.0,[],[],31611783,0.1,-13.0,0.0,184.92,,,,2024-09-21 18:18:05.587536+00:00
a11e5c,adsb_icao,N171RA  ,N171RA,C172,,1525,1400.0,93.9,345.82,-128.0,0105,none,A1,,,27.493798,-82.241857,9,75,0.389,2.0,1.0,10.0,2.0,3.0,perhour,2.0,2.0,0.0,0.0,[],[],5611595,0.3,-9.9,,,,,,2024-09-21 18:18:05.587536+00:00
abf512,adsb_icao,N87MB   ,N87MB,PA34,,2100,2050.0,140.0,245.08,-768.0,1200,none,A1,,,28.140409,-82.227119,9,75,0.336,2.0,0.0,10.0,2.0,3.0,perhour,2.0,2.0,0.0,0.0,[],[],848670,0.3,-10.4,,,,,,2024-09-21 18:18:05.587536+00:00
a8ea6d,adsb_icao,N67387  ,N67387,C152,,4600,4625.0,108.2,333.67,-1152.0,1200,none,A1,,,28.727875,-82.220095,9,75,0.154,2.0,0.0,9.0,1.0,3.0,perhour,2.0,2.0,0.0,0.0,[],[],4009655,0.2,-7.5,,,,,,2024-09-21 18:18:05.587536+00:00
a23113,adsr_icao,N240MA  ,N240MA,GLAS,,11400,12050.0,216.9,152.25,,1200,none,A1,,,27.764145,-82.212352,0,0,0.244,,,,0.0,,perhour,,,0.0,0.0,[],[],83729,0.2,-24.5,0.0,,,,,2024-09-21 18:18:05.587536+00:00
a88e65,adsb_icao,EDG650  ,N650TB,E35L,,18625,19625.0,392.0,245.59,,1045,none,A2,1013.6,26016.0,28.380292,-82.201538,8,186,0.011,2.0,1.0,10.0,2.0,3.0,perhour,2.0,2.0,0.0,0.0,[],[],5594165,0.0,-12.6,1088.0,,,,,2024-09-21 18:18:05.587536+00:00
a5ef47,adsb_icao,N4814U  ,N4814U,C210,,3000,3000.0,115.0,335.89,0.0,1200,none,A1,,,28.672035,-82.196153,7,371,0.275,2.0,0.0,9.0,1.0,3.0,perhour,2.0,2.0,0.0,0.0,[],[],906626,0.2,-13.3,,,,,,2024-09-21 18:18:05.587536+00:00
a1cc84,adsb_icao,N215EL  ,N215EL,PIAT,,2800,2875.0,79.2,52.7,,1200,none,B4,1012.8,3392.0,27.649609,-82.178051,9,75,0.36,2.0,1.0,10.0,2.0,3.0,perhour,2.0,2.0,0.0,0.0,[],[],850994,0.0,-15.7,-1088.0,,[],,,2024-09-21 18:18:05.587536+00:00
a81d69,adsb_icao,N6218E  ,N6218E,C172,,1900,1925.0,58.7,188.82,448.0,1200,none,A1,,,28.417534,-82.171272,7,371,0.133,2.0,1.0,9.0,1.0,3.0,perhour,2.0,2.0,0.0,0.0,[],[],746761,0.1,-15.9,,,,,,2024-09-21 18:18:05.587536+00:00
ad2ad5,adsb_icao,N94790  ,N94790,C152,,3050,3025.0,91.7,276.89,,4761,none,A1,1013.6,3008.0,27.947617,-82.161096,9,75,0.133,2.0,1.0,10.0,2.0,3.0,perhour,2.0,2.0,0.0,0.0,[],[],3809403,0.1,-14.7,64.0,289.69,,,,2024-09-21 18:18:05.587536+00:00
a6a1af,adsb_icao,N52606  ,N52606,C172,,2450,2425.0,97.4,236.31,,1200,none,A1,,,27.35726,-82.150902,9,75,0.675,2.0,1.0,10.0,2.0,3.0,perhour,2.0,2.0,0.0,0.0,[],[],7797668,0.4,-21.4,-448.0,,,,,2024-09-21 18:18:05.587536+00:00
a199dd,adsb_icao,N202EH  ,N202EH,DHC6,,7475,7750.0,165.1,334.52,,0246,none,A1,1012.0,,28.283603,-82.118925,9,75,0.039,2.0,1.0,10.0,2.0,3.0,perhour,2.0,2.0,0.0,0.0,[],[],5190917,0.0,-17.1,-2944.0,156.8,,,,2024-09-21 18:18:05.587536+00:00
ad3f46,adsb_icao,N9526G  ,N9526G,C172,,3500,3500.0,115.1,262.01,-64.0,1200,none,A1,,,27.809097,-82.091217,9,75,0.675,2.0,1.0,10.0,2.0,3.0,perhour,2.0,2.0,0.0,0.0,[],[],4028879,0.0,-16.7,,,,,,2024-09-21 18:18:05.587536+00:00
a66656,adsb_icao,N511ND  ,N511ND,C172,,3000,3025.0,46.7,99.87,,1200,none,A1,,,27.723312,-82.08264,9,75,0.244,2.0,1.0,10.0,2.0,3.0,perhour,2.0,2.0,0.0,0.0,[],[],2958763,0.1,-23.8,256.0,,,,,2024-09-21 18:18:05.587536+00:00
a70396,adsb_icao,N551ER  ,N551ER,C172,,5050,5175.0,109.3,219.81,,2667,none,A1,,,27.950103,-82.081442,9,75,0.426,2.0,1.0,10.0,2.0,3.0,perhour,2.0,2.0,0.0,0.0,[],[],803489,0.2,-17.0,-128.0,,,,,2024-09-21 18:18:05.587536+00:00
aa353f,adsb_icao,N757NJ  ,N757NJ,C152,,375,350.0,58.1,87.04,-320.0,1200,none,A1,,,27.989207,-82.043852,10,25,0.257,2.0,1.0,10.0,2.0,3.0,perhour,2.0,2.0,0.0,0.0,[],[],708890,0.3,-10.3,,,,,,2024-09-21 18:18:05.587536+00:00
a6f2ce,adsr_icao,CXK341  ,N547K,P28A,8.0,1150,1025.0,102.0,269.44,-320.0,1200,none,A1,,,27.974962,-82.033512,8,186,0.406,,0.0,9.0,0.0,3.0,perhour,2.0,2.0,0.0,0.0,[],[],3959112,0.4,-4.7,-384.0,,,,,2024-09-21 18:18:05.587536+00:00
ab93a5,adsb_icao,AAL608  ,N845NN,B738,,36000,37925.0,420.6,338.38,,6670,none,A3,1013.6,36000.0,28.556763,-82.030317,8,186,0.493,2.0,1.0,9.0,1.0,3.0,perhour,2.0,2.0,0.0,0.0,[],[],24308045,0.3,-12.8,0.0,350.86,,,,2024-09-21 18:18:05.587536+00:00
a05fc9,other,N123KS  ,N123KS,C172,,ground,,13.2,259.0,,1200,,A1,,,27.983376,-82.010719,0,0,10.093,2.0,,,,,,,,,,[],[],4102599,10.1,-49.5,,,,266.41,272.81,2024-09-21 18:18:05.587536+00:00
a5a86c,adsb_icao,N46390  ,N46390,C172,,1900,1925.0,86.2,183.99,640.0,1200,none,A1,,,27.780979,-82.000791,9,75,0.498,2.0,0.0,9.0,1.0,3.0,perhour,2.0,2.0,0.0,0.0,[],[],2763632,0.4,-26.1,,,,,,2024-09-21 18:18:05.587536+00:00
a6f577,adsb_icao,N54781  ,N54781,C172,,1925,1875.0,92.5,186.2,,1200,none,A1,1012.8,,27.956314,-81.9841,9,75,0.521,2.0,1.0,10.0,2.0,3.0,perhour,2.0,2.0,0.0,0.0,[],[],6247662,0.5,-5.0,128.0,96.33,,,,2024-09-21 18:18:05.587536+00:00
a127b9,adsb_icao,N17371  ,N17371,C150,,2800,2850.0,79.1,357.1,192.0,1200,none,A1,,,28.507965,-81.94961,9,75,0.275,2.0,0.0,10.0,2.0,3.0,perhour,2.0,2.0,0.0,0.0,[],[],937674,0.1,-14.1,,,,,,2024-09-21 18:18:05.587536+00:00
a0106a,adsb_icao,N103FV  ,N103FV,C172,,1700,1625.0,85.6,136.42,-640.0,1200,none,A1,,,28.018936,-81.921827,10,25,0.133,2.0,1.0,10.0,2.0,3.0,perhour,2.0,2.0,0.0,0.0,[],[],2887781,0.1,-13.5,,,,,,2024-09-21 18:18:05.587536+00:00
a64272,adsb_icao,N502MA  ,N502MA,ULAC,,3000,3050.0,108.5,32.96,,1200,none,A1,,,27.689923,-81.91813,10,25,3.432,2.0,1.0,10.0,2.0,3.0,perhour,2.0,2.0,0.0,0.0,[],[],177563,3.4,-26.4,256.0,,,,,2024-09-21 18:18:05.587536+00:00
a327e3,adsb_icao,N302MR  ,N302MR,PC12,,20050,21075.0,250.2,350.8,,2107,none,A1,,,27.421503,-81.911105,9,75,0.154,2.0,1.0,10.0,2.0,3.0,perhour,2.0,2.0,0.0,0.0,[],[],960478,0.1,-15.7,0.0,,,,,2024-09-21 18:18:05.587536+00:00
a5448b,adsb_icao,N43899  ,N43899,P28A,,3300,3350.0,81.3,20.89,-448.0,1200,none,A1,,,27.96373,-81.886544,9,75,0.133,2.0,0.0,10.0,2.0,3.0,perhour,2.0,2.0,0.0,0.0,[],[],7198831,0.1,-11.0,,,,,,2024-09-21 18:18:05.587536+00:00
ad09b9,adsb_icao,N9392C  ,N9392C,P28A,,2950,2900.0,107.9,162.74,-320.0,4543,none,A1,,,27.655614,-81.880839,9,75,0.056,2.0,1.0,10.0,2.0,3.0,perhour,2.0,2.0,0.0,0.0,[],[],531224,0.1,-17.4,,,,,,2024-09-21 18:18:05.587536+00:00
ac8a1f,adsb_icao,N907KS  ,N907KS,C172,,3000,3000.0,87.8,104.51,,1200,none,A1,1013.6,2496.0,28.31337,-81.858286,9,75,0.154,2.0,1.0,10.0,2.0,3.0,perhour,2.0,2.0,0.0,0.0,[],[],5411220,0.2,-19.4,-128.0,237.66,,,,2024-09-21 18:18:05.587536+00:00
a2e0b2,adsb_icao,N285BL  ,N285BL,P28A,,1350,1275.0,77.7,78.11,,1200,none,A1,1011.2,1312.0,28.03743,-81.845556,9,75,0.056,2.0,1.0,10.0,2.0,3.0,perhour,2.0,2.0,0.0,0.0,[],[],7279838,0.1,-5.0,64.0,14.77,['althold'],,,2024-09-21 18:18:05.587536+00:00
abe862,adsb_icao,N8666Y  ,N8666Y,PA30,8.0,9400,9850.0,151.0,143.89,128.0,1200,none,A1,,,27.626358,-81.802955,9,75,0.389,2.0,0.0,10.0,2.0,3.0,perhour,2.0,2.0,0.0,0.0,[],[],931762,0.1,-12.1,,,,,,2024-09-21 18:18:05.587536+00:00
a5d627,adsb_icao,N47509  ,N47509,P28A,,1300,1175.0,113.2,223.57,320.0,1200,none,A1,,,27.932693,-81.768183,9,75,0.056,2.0,0.0,10.0,2.0,3.0,perhour,2.0,2.0,0.0,0.0,[],[],1116709,0.1,-13.1,,,,,,2024-09-21 18:18:05.587536+00:00
a0be68,adsb_icao,N147TP  ,N147TP,BL8,,500,400.0,80.6,133.99,-704.0,1200,none,A1,,,28.056801,-81.764724,7,371,7.675,2.0,0.0,10.0,1.0,3.0,perhour,2.0,2.0,0.0,0.0,[],[],18426,7.7,-18.1,,,,,,2024-09-21 18:18:05.587536+00:00
a2dcfb,adsb_icao,N284BL  ,N284BL,P28A,,1050,950.0,97.3,219.58,,1200,none,A1,1012.8,992.0,28.082108,-81.752331,9,75,0.133,2.0,1.0,10.0,2.0,3.0,perhour,2.0,2.0,0.0,0.0,[],[],6400442,0.1,-15.3,192.0,136.41,[],,,2024-09-21 18:18:05.587536+00:00
a4524c,adsb_icao,N378JA  ,N378JA,P28A,,5000,5100.0,113.9,196.84,,1163,none,A1,1013.6,4992.0,27.656498,-81.746838,9,75,0.056,2.0,1.0,10.0,2.0,3.0,perhour,2.0,2.0,0.0,0.0,[],[],2157936,0.1,-12.0,0.0,,['althold'],,,2024-09-21 18:18:05.587536+00:00
a803d4,adsb_icao,N6151H  ,N6151H,P28A,,8500,8725.0,108.0,210.6,0.0,1200,none,A1,,,27.447618,-81.713985,9,75,0.458,2.0,0.0,9.0,1.0,3.0,perhour,2.0,2.0,0.0,0.0,[],[],2951025,0.0,-16.8,,,,,,2024-09-21 18:18:05.587536+00:00
ad9cd9,adsb_icao,N9764F  ,N9764F,C172,,2500,2525.0,112.0,150.0,64.0,2634,none,A1,,,27.449387,-81.710446,9,75,0.373,2.0,0.0,10.0,2.0,3.0,perhour,2.0,2.0,0.0,0.0,[],['baro_rate'],4638567,0.3,-13.0,-64.0,,,,,2024-09-21 18:18:05.587536+00:00
a052ea,adsb_icao,N12SA   ,N12SA,C172,,2600,2625.0,95.4,84.59,,1200,none,A1,1012.8,2496.0,28.278809,-81.70828,9,75,0.521,2.0,1.0,10.0,2.0,3.0,perhour,2.0,2.0,0.0,0.0,[],[],5771454,0.3,-12.8,192.0,,,,,2024-09-21 18:18:05.587536+00:00
a88d47,adsb_icao,FFT1048 ,N650FR,A21N,,34500,36375.0,428.1,337.33,,3525,none,A3,1012.8,38016.0,28.070813,-81.653514,8,186,0.039,2.0,1.0,10.0,2.0,3.0,perhour,2.0,3.0,0.0,0.0,[],[],19235041,0.0,-5.7,960.0,,,,,2024-09-21 18:18:05.587536+00:00
a8358c,adsb_icao,N628SG  ,N628SG,C172,,1875,1850.0,88.1,114.82,,1200,none,A1,1012.8,2016.0,28.206848,-81.639827,9,75,0.336,2.0,1.0,10.0,2.0,3.0,perhour,2.0,2.0,0.0,0.0,[],[],3019560,0.1,-10.0,-128.0,,,,,2024-09-21 18:18:05.587536+00:00
a2ad9d,adsb_icao,N27174  ,N27174,AA5,,2500,2450.0,78.2,324.89,448.0,1200,none,A1,,,27.713699,-81.604476,9,75,0.133,2.0,0.0,9.0,1.0,3.0,perhour,2.0,2.0,0.0,0.0,[],['callsign'],149074,0.1,-16.4,,,,,,2024-09-21 18:18:05.587536+00:00
abf4cb,adsb_icao,N87JF   ,N87JF,C208,,12600,13125.0,114.0,228.2,1216.0,7434,none,A1,,,27.88179,-81.592712,9,75,0.039,2.0,0.0,9.0,1.0,3.0,perhour,2.0,2.0,0.0,0.0,[],[],5039933,0.0,-16.1,,,,,,2024-09-21 18:18:05.587536+00:00
a57aa7,adsr_icao,N452MK  ,N452MK,C172,,1600,1500.0,105.0,193.77,,,,A1,,,27.989639,-81.584261,0,0,24.965,,,,0.0,,perhour,,,0.0,0.0,[],[],707283,25.0,-11.4,128.0,,,,,2024-09-21 18:18:05.587536+00:00
ad8155,adsb_icao,N97AJ   ,N97AJ,C56X,40000,42050.0,383.9,339.25,0.0,3305,none,A2,1013.6,40000.0,27.86049,-83.08305,8,186,0.157,2.0,1.0,10.0,1,3.0,perhour,2.0,2.0,0.0,0.0,[],[],270127,0.2,-15.1,,,,,,,2024-09-21 18:33:06.869512+00:00
a6f009,adsb_icao,DAL1720 ,N546US,B752,11125,11550.0,322.3,151.05,-448.0,3152,none,A4,1012.8,8000.0,28.436155,-83.013342,8,186,0.05,2.0,1.0,10.0,2,3.0,perhour,2.0,2.0,0.0,0.0,[],[],19830791,0.0,-10.1,153.28,,,,,,2024-09-21 18:33:06.869512+00:00
ac4ca8,adsb_icao,SWA715  ,N8919K,B38M,37000,39050.0,493.7,156.86,0.0,6234,none,A3,1013.6,36992.0,28.478119,-82.942446,8,186,0.09,2.0,1.0,10.0,2,3.0,perhour,2.0,2.0,0.0,0.0,[],[],31070794,0.0,-12.8,156.09,,,,,,2024-09-21 18:33:06.869512+00:00
a4c846,adsb_icao,SIL51   ,N407SV,AT45,7050,7250.0,260.0,151.27,-64.0,1502,none,A2,1012.8,7008.0,28.294098,-82.924541,8,186,0.05,2.0,1.0,10.0,2,3.0,perhour,2.0,2.0,0.0,0.0,[],[],17591993,0.0,-8.6,154.69,,,,,,2024-09-21 18:33:06.869512+00:00
a2e935,adsb_icao,ENY3759 ,N287NN,E75L,10750,11225.0,320.9,148.64,-1024.0,1562,none,A3,1012.8,8000.0,28.287886,-82.920496,8,186,0.416,2.0,1.0,10.0,2,3.0,perhour,2.0,2.0,0.0,0.0,[],[],23823116,0.0,-14.1,,"['autopilot', 'vnav', 'tcas']",,,,,2024-09-21 18:33:06.869512+00:00
a8b37b,adsb_icao,N66SL   ,N66SL,,9525,9725.0,132.9,346.07,0.0,2133,none,A1,1012.8,9504.0,28.602585,-82.895754,9,75,0.05,2.0,1.0,10.0,2,3.0,perhour,2.0,2.0,0.0,0.0,[],[],372183,0.0,-13.4,9.14,"['autopilot', 'althold']",,,,,2024-09-21 18:33:06.869512+00:00
a3d79a,adsr_icao,CXK480  ,N347D,P28A,4975,5075.0,101.3,350.91,180.0,1200,none,A1,,,28.131683,-82.888148,0,0,0.089,,,,0,,perhour,,,0.0,0.0,['baro_rate'],[],4094874,0.1,-11.7,,,8.0,-256.0,,,2024-09-21 18:33:06.869512+00:00
a740f1,adsb_icao,CNS2013 ,N567AF,PC12,20000,21050.0,236.0,0.0,0.0,2127,none,A1,1013.6,20000.0,27.916031,-82.876351,8,186,0.357,2.0,1.0,10.0,2,3.0,perhour,2.0,2.0,0.0,0.0,[],[],9682493,0.0,-19.0,7.03,"['autopilot', 'althold', 'lnav']",,,,,2024-09-21 18:33:06.869512+00:00
a0561e,adsr_icao,N1200V  ,N1200V,C172,2900,2925.0,101.0,180.0,0.0,1200,none,A1,,,28.129329,-82.854848,8,186,1.037,,0.0,9.0,1,3.0,perhour,2.0,2.0,0.0,0.0,[],[],2643529,0.7,-19.2,,,,0.0,,,2024-09-21 18:33:06.869512+00:00
a5de4a,adsb_icao,N4776E  ,N4776E,C172,2500,2450.0,85.4,321.65,,1200,none,A1,,,27.814728,-82.827897,9,75,0.346,2.0,0.0,10.0,2,3.0,perhour,2.0,2.0,0.0,0.0,[],[],6132327,0.1,-3.8,,,,448.0,,,2024-09-21 18:33:06.869512+00:00
a46303,adsr_icao,CXK344  ,N382D,P28A,875,775.0,98.2,218.39,256.0,1200,none,A1,,,28.078857,-82.811614,0,186,0.522,,0.0,9.0,2,3.0,perhour,2.0,2.0,0.0,0.0,[],[],3919152,0.3,-11.1,,,8.0,-64.0,,,2024-09-21 18:33:06.869512+00:00
a55342,adsb_icao,EJA442  ,,,24475,25825.0,342.0,0.34,1536.0,1475,none,A2,1012.8,26016.0,27.701747,-82.788902,8,186,0.018,2.0,1.0,10.0,2,3.0,perhour,2.0,2.0,0.0,0.0,[],[],1780718,0.0,-16.3,7.03,,,,,,2024-09-21 18:33:06.869512+00:00
abc07b,adsb_icao,SWA3373 ,N8563Z,B738,6975,7250.0,265.9,135.3,-960.0,1667,none,A3,1012.8,4992.0,28.159286,-82.785997,8,186,0.018,2.0,1.0,10.0,2,3.0,perhour,2.0,2.0,0.0,0.0,[],[],30477468,0.0,-7.6,139.22,,,,,,2024-09-21 18:33:06.869512+00:00
a33286,adsb_icao,N305GL  ,N305GL,B06,600,575.0,88.4,68.08,,1200,none,A7,,,27.977336,-82.783113,9,75,0.09,2.0,0.0,10.0,2,3.0,perhour,2.0,2.0,0.0,0.0,[],[],81953,0.0,-7.5,,,,448.0,,,2024-09-21 18:33:06.869512+00:00
a82930,adsb_icao,N625DW  ,N625DW,C172,2525,2500.0,114.6,260.46,-256.0,1200,none,A1,1013.6,2496.0,27.764081,-82.748707,9,75,0.581,2.0,1.0,10.0,2,3.0,perhour,2.0,2.0,0.0,0.0,[],[],237502,0.1,-3.6,270.0,,,,,,2024-09-21 18:33:06.869512+00:00
ad6884,adsb_icao,AAL1364 ,N963NN,B738,36000,37975.0,465.7,291.28,0.0,7421,none,A3,1013.6,36000.0,28.332962,-82.732121,8,186,0.206,2.0,1.0,9.0,1,3.0,perhour,2.0,2.0,0.0,0.0,[],[],25003933,0.1,-6.3,303.75,,,,,,2024-09-21 18:33:06.869512+00:00
a85c3d,adsb_icao,N638JA  ,N638JA,P28A,2775,2775.0,111.3,107.78,-576.0,3741,none,A1,1012.8,2016.0,27.73233,-82.707773,9,75,0.04,2.0,1.0,10.0,2,3.0,perhour,2.0,2.0,0.0,0.0,[],[],5817659,0.0,-7.9,109.69,['autopilot'],,,,,2024-09-21 18:33:06.869512+00:00
a6ca6e,adsr_icao,CXK221  ,N537A,P28A,4050,4100.0,122.9,201.97,-256.0,3012,none,A1,,,28.545227,-82.706346,0,0,0.036,,0.0,9.0,0,3.0,perhour,2.0,2.0,0.0,0.0,[],[],4520998,0.0,-13.7,,,8.0,-256.0,,,2024-09-21 18:33:06.869512+00:00
ae4a4b,adsb_icao,C6044   ,6044,H60,ground,,4.8,,,0174,none,A7,,,27.912277,-82.693612,10,25,0.477,2.0,,11.0,1,3.0,perhour,,2.0,,,[],[],1246083,0.5,-4.2,,,1.0,,292.5,,2024-09-21 18:33:06.869512+00:00
a662b7,adsb_icao,N510PC  ,N510PC,TAMP,ground,,5.8,,,0111,none,A1,,,27.91157,-82.692851,10,25,0.0,2.0,,10.0,2,3.0,perhour,,2.0,,,[],[],3542702,0.0,-10.6,,,,,309.02,315.0,2024-09-21 18:33:06.869512+00:00
a2ab73,adsb_icao,AAY2700 ,N271NV,A320,ground,,17.5,,,2371,none,A3,,,27.903591,-82.688845,8,186,0.0,2.0,,9.0,1,3.0,perhour,,2.0,,,[],[],20213513,0.0,-2.9,,,,,171.56,,2024-09-21 18:33:06.869512+00:00
add1f7,adsb_icao,N99TD   ,N99TD,BE58,425,325.0,118.5,350.78,512.0,0135,none,A1,1012.0,1600.0,27.908299,-82.688282,9,75,0.346,2.0,1.0,10.0,2,3.0,perhour,2.0,2.0,0.0,0.0,[],[],285675,0.0,-9.1,0.0,['autopilot'],,,,,2024-09-21 18:33:06.869512+00:00
abd764,adsb_icao,N862MM  ,N862MM,R44,600,425.0,73.0,0.78,,1200,none,A7,,,27.688712,-82.677084,9,75,1.117,2.0,0.0,9.0,1,3.0,perhour,2.0,2.0,0.0,0.0,[],[],1700861,0.6,-14.6,,,,-256.0,,,2024-09-21 18:33:06.869512+00:00
a38024,adsr_icao,N8119Q  ,N3244V,BE35,1100,975.0,96.4,216.99,-64.0,,,A7,,,27.90681,-82.664883,8,186,0.04,,0.0,9.0,2,3.0,perhour,2.0,2.0,0.0,0.0,[],[],151266,0.0,-19.0,,,,-64.0,,,2024-09-21 18:33:06.869512+00:00
a4c331,adsb_icao,CAP826  ,N406CV,C182,ground,,4.2,,,,,A1,,,27.763266,-82.633469,9,75,30.903,2.0,,10.0,2,3.0,perhour,,2.0,,,[],[],867951,30.9,-1.9,,,,,75.94,,2024-09-21 18:33:06.869512+00:00
addd59,adsb_icao,N99265  ,N99265,C172,0,-75.0,0.7,0.0,,1200,none,A1,,,27.763,-82.632993,9,75,4.638,2.0,0.0,9.0,1,3.0,perhour,2.0,2.0,0.0,0.0,[],[],8191789,4.6,-1.9,,,,0.0,,,2024-09-21 18:33:06.869512+00:00
ac0b61,adsb_icao,UAL2045 ,N87507,B738,4000,4125.0,267.2,182.14,64.0,3262,none,A3,1012.0,4000.0,27.862244,-82.620504,8,186,0.09,2.0,1.0,9.0,1,3.0,perhour,2.0,2.0,0.0,0.0,[],[],26671870,0.0,-9.7,184.92,,,,,,2024-09-21 18:33:06.869512+00:00
a126c9,adsb_icao,UAL2668 ,N17306,B38M,5025,5175.0,235.1,181.22,0.0,3107,none,A3,1012.0,4992.0,27.959134,-82.616595,8,186,0.018,2.0,1.0,10.0,2,3.0,perhour,2.0,2.0,0.0,0.0,[],[],32272634,0.0,-13.6,184.92,,,,,,2024-09-21 18:33:06.869512+00:00
a8e37c,adsb_icao,DAL1323 ,N672DL,B752,36925,38850.0,494.7,154.37,0.0,3613,none,A4,1013.6,36992.0,27.782469,-82.612539,8,186,0.161,2.0,1.0,10.0,2,3.0,perhour,2.0,2.0,0.0,0.0,[],[],20791770,0.0,-10.7,153.98,,,,,,2024-09-21 18:33:06.869512+00:00
a58fef,adsb_icao,N458BB  ,N458BB,SR22,4050,4125.0,177.2,272.91,-256.0,3515,none,A1,1012.0,4000.0,27.968259,-82.605286,9,75,0.163,2.0,1.0,10.0,2,3.0,perhour,2.0,2.0,0.0,0.0,[],[],2147775,0.2,-6.9,279.84,"['autopilot', 'althold']",,,,,2024-09-21 18:33:06.869512+00:00
a48f8c,adsb_icao,N393SP  ,N393SP,C172,750,625.0,82.3,220.07,,0136,none,A1,,,27.387659,-82.577837,9,75,0.076,2.0,1.0,10.0,2,3.0,perhour,2.0,2.0,0.0,0.0,[],[],6490806,0.1,-4.1,,,,0.0,,,2024-09-21 18:33:06.869512+00:00
a6b94a,adsb_icao,EJA532  ,N532QS,C68A,2800,2800.0,184.3,244.27,-832.0,4773,none,A2,1012.0,2016.0,27.480531,-82.573823,9,75,0.09,2.0,1.0,10.0,2,3.0,perhour,2.0,2.0,0.0,0.0,[],[],10201219,0.0,-7.0,,,,,,,2024-09-21 18:33:06.869512+00:00
a0704a,adsb_icao,N12713  ,N12713,C172,1800,1700.0,97.0,1.77,,1200,none,A1,,,28.702946,-82.556009,8,186,0.416,2.0,1.0,9.0,2,3.0,perhour,2.0,2.0,0.0,0.0,[],[],3991271,0.1,-23.3,,,,-192.0,,,2024-09-21 18:33:06.869512+00:00
a2d76a,adsb_icao,SWA679  ,N282WN,B737,ground,,0.0,,,2327,none,A3,,,27.39008,-82.555205,8,186,17.916,2.0,,10.0,2,3.0,perhour,,2.0,,,[],[],29717839,17.9,-29.2,,,,,348.75,,2024-09-21 18:33:06.869512+00:00
a56862,adsb_icao,AAL436  ,N448AN,A21N,ground,,13.8,,,,,A3,,,27.972267,-82.540798,8,186,39.35,2.0,,9.0,1,3.0,perhour,,3.0,,,[],[],31939708,33.8,-11.5,,,,,182.81,,2024-09-21 18:33:06.869512+00:00
a85c03,adsb_icao,TCF638  ,N638FT,P28A,3000,3025.0,103.2,21.6,,7426,none,A1,,,28.696522,-82.539314,9,75,0.05,2.0,0.0,10.0,2,3.0,perhour,2.0,2.0,0.0,0.0,[],[],5006920,0.1,-15.7,,,,64.0,,,2024-09-21 18:33:06.869512+00:00
a108c0,adsb_icao,N166J   ,N166J,VR7,1150,1050.0,90.5,253.97,-576.0,1200,none,A1,,,27.622742,-82.530178,9,75,0.59,2.0,1.0,10.0,2,3.0,perhour,2.0,2.0,0.0,0.0,[],[],177921,0.1,-11.3,,,,,,,2024-09-21 18:33:06.869512+00:00
a11e5c,adsb_icao,N171RA  ,N171RA,C172,1525,1400.0,108.5,229.11,,0105,none,A1,,,27.450318,-82.52037,9,75,0.27,2.0,1.0,10.0,2,3.0,perhour,2.0,2.0,0.0,0.0,[],[],5618565,0.1,-11.0,,,,-960.0,,,2024-09-21 18:33:06.869512+00:00
a45dec,adsb_icao,N3802D  ,N3802D,C182,1300,1225.0,86.5,60.17,704.0,0127,none,A1,1012.8,1600.0,27.994492,-82.515987,9,75,0.09,2.0,1.0,10.0,2,3.0,perhour,2.0,2.0,0.0,0.0,[],[],1633657,0.1,-7.6,59.77,,8.0,,,,2024-09-21 18:33:06.869512+00:00
a994e4,adsr_icao,N7161T  ,N7161T,C172,1000,925.0,71.3,184.83,-384.0,1200,none,A1,,,28.323441,-82.506902,0,0,0.518,,0.0,9.0,0,3.0,perhour,2.0,2.0,0.0,0.0,[],[],16206,0.5,-7.4,,,,-256.0,,,2024-09-21 18:33:06.869512+00:00
ae2913,adsb_icao,C6036   ,6036,H60,350,250.0,44.3,25.41,,1200,none,A7,,,28.462224,-82.453954,9,75,0.518,2.0,1.0,11.0,1,3.0,perhour,2.0,2.0,0.0,0.0,[],[],465459,0.5,-24.4,,,1.0,-256.0,,,2024-09-21 18:33:06.869512+00:00
a4bab2,adsb_icao,N4034H  ,N4034H,R44,900,800.0,66.3,84.81,,1200,none,A7,,,27.976501,-82.437234,9,75,0.018,2.0,0.0,10.0,2,3.0,perhour,2.0,2.0,0.0,0.0,[],[],1568731,0.0,-13.0,,,,384.0,,,2024-09-21 18:33:06.869512+00:00
ad3f46,adsb_icao,N9526G  ,N9526G,C172,850,725.0,104.3,214.45,,1200,none,A1,,,27.902341,-82.433167,9,75,0.06,2.0,1.0,10.0,2,3.0,perhour,2.0,2.0,0.0,0.0,[],[],4035549,0.1,-18.5,,,,-384.0,,,2024-09-21 18:33:06.869512+00:00
ac8cef,adsb_icao,N908AL  ,N908AL,SR22,1100,1025.0,151.6,105.69,-128.0,0177,none,A1,1012.0,3488.0,27.221235,-82.419539,9,75,0.076,2.0,1.0,10.0,2,3.0,perhour,2.0,2.0,0.0,0.0,[],['geom_rate'],1725749,0.1,-9.1,108.28,"['autopilot', 'althold']",,-64.0,,,2024-09-21 18:33:06.869512+00:00
ac9de3,adsb_icao,N9118S  ,N9118S,P28A,775,650.0,97.0,181.77,,1200,none,A1,,,27.939163,-82.415502,9,75,0.018,2.0,1.0,10.0,2,3.0,perhour,2.0,2.0,0.0,0.0,[],[],5084892,0.0,-19.5,,,,-960.0,,,2024-09-21 18:33:06.869512+00:00
a12429,adsb_icao,UAL2277 ,N17285,B38M,5800,6025.0,263.1,181.31,-768.0,1043,none,A3,1012.0,4992.0,28.001862,-82.41505,8,186,0.089,2.0,1.0,10.0,2,3.0,perhour,2.0,2.0,0.0,0.0,[],[],27932642,0.1,-6.6,186.33,,,,,,2024-09-21 18:33:06.869512+00:00
a70396,adsb_icao,N551ER  ,N551ER,C172,3300,3350.0,103.4,240.46,-256.0,2667,none,A1,,,27.637207,-82.408965,9,75,0.09,2.0,1.0,10.0,2,3.0,perhour,2.0,2.0,0.0,0.0,[],['geom_rate'],812939,0.1,-13.6,,,,-384.0,,,2024-09-21 18:33:06.869512+00:00
a89f22,adsb_icao,N65483  ,N65483,C152,1700,1625.0,78.4,127.75,,1200,none,A1,,,28.459664,-82.385236,9,75,0.036,2.0,0.0,9.0,1,3.0,perhour,2.0,2.0,0.0,0.0,[],[],4406411,0.0,-19.8,,,,128.0,,,2024-09-21 18:33:06.869512+00:00
a228e6,adsb_icao,N2382R  ,N2382R,C172,1900,1800.0,84.2,4.09,,1200,none,A1,,,28.237889,-82.380443,9,75,0.09,2.0,0.0,10.0,2,3.0,perhour,2.0,2.0,0.0,0.0,[],[],3658882,0.1,-6.5,,,,-192.0,,,2024-09-21 18:33:06.869512+00:00
a6a1af,adsb_icao,N52606  ,N52606,C172,2575,2550.0,100.4,303.22,-192.0,0113,none,A1,,,27.383011,-82.358542,9,75,0.346,2.0,1.0,10.0,2,3.0,perhour,2.0,2.0,0.0,0.0,[],[],7805431,0.1,-10.4,,,,,,,2024-09-21 18:33:06.869512+00:00
a9547c,adsb_icao,N70ZH   ,N70ZH,B505,300,175.0,63.0,41.78,-448.0,1200,none,A7,1012.8,,28.007409,-82.352546,9,75,0.163,2.0,1.0,10.0,2,3.0,perhour,2.0,2.0,0.0,0.0,[],[],78442,0.2,-22.0,236.25,,,,,,2024-09-21 18:33:06.869512+00:00
ab6e8b,adsb_icao,N8359L  ,N8359L,C172,1025,925.0,65.1,42.51,,1200,none,A1,,,28.035736,-82.322986,9,75,0.018,2.0,1.0,10.0,2,3.0,perhour,2.0,2.0,0.0,0.0,[],[],3902598,0.0,-21.1,,,,576.0,,,2024-09-21 18:33:06.869512+00:00
a6a30e,adsb_icao,N527BF  ,N527BF,EC35,825,800.0,122.1,73.35,-320.0,0216,none,A7,,,27.997147,-82.318972,9,75,0.163,2.0,1.0,10.0,2,3.0,perhour,2.0,2.0,0.0,0.0,[],[],549644,0.0,-17.0,,,,,,,2024-09-21 18:33:06.869512+00:00
a5f208,adsb_icao,SWA3915 ,N482WN,B737,11250,11725.0,347.0,179.17,-1024.0,5746,none,A3,1012.8,11008.0,28.561386,-82.255114,8,186,0.05,2.0,1.0,10.0,2,3.0,perhour,2.0,2.0,0.0,0.0,[],[],13354370,0.1,-8.9,177.19,,,,,,2024-09-21 18:33:06.869512+00:00
a327e3,adsb_icao,N302MR  ,N302MR,PC12,20050,21075.0,250.0,333.13,64.0,2107,none,A1,,,28.401581,-82.252209,9,75,0.05,2.0,1.0,10.0,2,3.0,perhour,2.0,2.0,0.0,0.0,[],[],970346,0.1,-6.9,,,,,,,2024-09-21 18:33:06.869512+00:00
a1cc84,adsb_icao,N215EL  ,N215EL,PIAT,2200,2200.0,61.0,259.61,1024.0,1200,none,B4,1012.8,1216.0,27.492691,-82.2308,9,75,0.101,2.0,1.0,10.0,2,3.0,perhour,2.0,2.0,0.0,0.0,[],['geom_rate'],856904,0.1,-14.1,,[],,832.0,,,2024-09-21 18:33:06.869512+00:00
a9d688,adsb_icao,N733DN  ,N733DN,C172,2500,2550.0,100.5,174.29,0.0,1200,none,A1,,,27.772646,-82.203721,10,25,0.522,2.0,1.0,10.0,1,3.0,perhour,2.0,2.0,0.0,0.0,[],['baro_rate'],2481280,0.1,-12.2,,,,128.0,,,2024-09-21 18:33:06.869512+00:00
a07cbc,adsb_icao,N130RV  ,N130RV,C150,6400,6575.0,70.2,169.33,,2627,none,A1,,,28.558308,-82.200569,9,75,0.101,2.0,0.0,9.0,1,3.0,perhour,2.0,2.0,0.0,0.0,[],[],2728582,0.0,-17.6,,,,192.0,,,2024-09-21 18:33:06.869512+00:00
a45504,adsb_icao,N3788S  ,N3788S,C172,3000,3025.0,90.7,48.58,,1200,none,A1,,,28.549164,-82.195693,9,75,0.036,2.0,0.0,9.0,1,3.0,perhour,2.0,2.0,0.0,0.0,[],[],133107,0.0,-19.8,,,,-384.0,,,2024-09-21 18:33:06.869512+00:00
a7da61,adsb_icao,N605FT  ,N605FT,P28A,950,800.0,79.7,113.67,,1200,none,A1,,,27.996097,-82.139982,9,75,0.157,2.0,1.0,10.0,2,3.0,perhour,2.0,2.0,0.0,0.0,[],[],1703382,0.1,-9.2,,,,576.0,,,2024-09-21 18:33:06.869512+00:00
a66656,adsb_icao,N511ND  ,N511ND,C172,2750,2750.0,97.8,319.14,64.0,0101,none,A1,,,27.798523,-82.116377,9,75,0.163,2.0,1.0,10.0,2,3.0,perhour,2.0,2.0,0.0,0.0,[],['geom_rate'],2965026,0.0,-19.6,,,,0.0,,,2024-09-21 18:33:06.869512+00:00
a5a86c,adsb_icao,N46390  ,N46390,C172,1000,925.0,93.9,277.96,-64.0,1200,none,A1,,,27.800065,-82.11245,9,75,0.254,2.0,0.0,9.0,1,3.0,perhour,2.0,2.0,0.0,0.0,[],['baro_rate'],2767459,0.1,-13.7,,,,64.0,,,2024-09-21 18:33:06.869512+00:00
aa19ed,adsb_icao,N75YY   ,N75YY,DA62,3525,3600.0,170.1,195.34,-320.0,1006,none,A1,1012.0,3488.0,28.175766,-82.112292,9,75,0.215,2.0,1.0,10.0,2,3.0,perhour,2.0,2.0,0.0,0.0,[],[],880131,0.2,-7.9,,,,,,,2024-09-21 18:33:06.869512+00:00
aa4b63,adsb_icao,N7620W  ,N7620W,P28A,2050,2050.0,104.9,157.59,,1200,none,A1,,,28.206161,-82.106799,9,75,0.143,2.0,1.0,9.0,1,3.0,perhour,2.0,2.0,0.0,0.0,[],[],1221481,0.0,-17.8,,,,192.0,,,2024-09-21 18:33:06.869512+00:00
a199dd,adsb_icao,N202EH  ,N202EH,DHC6,2975,3025.0,79.2,42.95,1408.0,0246,none,A1,1012.0,,28.263428,-82.106376,9,75,0.416,2.0,1.0,10.0,2,3.0,perhour,2.0,2.0,0.0,0.0,[],[],5193211,0.2,-9.3,156.8,,,,,,2024-09-21 18:33:06.869512+00:00
a76594,adsr_icao,CXK185  ,N576K,P28A,5075,5175.0,115.9,145.9,-64.0,2604,none,A1,,,28.342818,-82.082573,8,186,0.522,,0.0,9.0,0,3.0,perhour,2.0,2.0,0.0,0.0,[],[],5237194,0.0,-16.6,,,8.0,-64.0,,,2024-09-21 18:33:06.869512+00:00
a84872,adsr_icao,N63265  ,N63265,C150,2600,2150.0,89.0,297.43,-320.0,1200,none,A1,,,28.148895,-82.078805,0,0,0.157,,,,0,,,,,0.0,0.0,[],[],177740,0.2,-11.0,,,,,,,2024-09-21 18:33:06.869512+00:00
ab33e3,adsr_icao,N8205A  ,N8205A,P28A,2700,2675.0,83.4,95.51,-384.0,1200,none,A1,,,27.357912,-82.07067,8,186,1.121,,0.0,9.0,0,3.0,perhour,2.0,2.0,0.0,0.0,[],[],1655526,0.3,-5.4,,,,-384.0,,,2024-09-21 18:33:06.869512+00:00
a6f577,adsb_icao,N54781  ,N54781,C172,3025,3025.0,75.3,190.71,-64.0,1200,none,A1,1012.8,3488.0,27.69635,-82.069478,9,75,0.101,2.0,1.0,10.0,2,3.0,perhour,2.0,2.0,0.0,0.0,[],['geom_rate'],6255538,0.1,-18.5,189.84,,,256.0,,,2024-09-21 18:33:06.869512+00:00
aa353f,adsb_icao,N757NJ  ,N757NJ,C152,525,500.0,56.0,87.95,,1200,none,A1,,,27.989182,-82.052818,10,25,0.06,2.0,1.0,10.0,2,3.0,perhour,2.0,2.0,0.0,0.0,[],[],713660,0.1,-15.8,,,,-512.0,,,2024-09-21 18:33:06.869512+00:00
ab7b38,adsb_icao,EJA839  ,N839QS,C700,40000,42050.0,436.0,338.61,64.0,7450,none,A2,1013.6,40000.0,28.567851,-82.048376,9,75,0.018,2.0,1.0,10.0,2,3.0,perhour,2.0,2.0,0.0,0.0,[],[],9425601,0.0,-10.6,349.45,"['autopilot', 'althold', 'lnav', 'tcas']",,,,,2024-09-21 18:33:06.869512+00:00
ad2ad5,adsb_icao,N94790  ,N94790,C152,2575,2550.0,69.6,352.57,192.0,4761,none,A1,1013.6,3008.0,28.045722,-82.022687,9,75,0.254,2.0,1.0,10.0,2,3.0,perhour,2.0,2.0,0.0,0.0,[],[],3817336,0.0,-6.3,0.0,,,,,,2024-09-21 18:33:06.869512+00:00
a04099,adsr_icao,N115US  ,N115US,CRUZ,2600,2450.0,109.2,127.18,,,,A1,,,28.599472,-82.015369,8,186,1.299,,0.0,9.0,1,3.0,perhour,2.0,2.0,0.0,0.0,[],[],132516,0.0,-18.8,,,8.0,-192.0,,,2024-09-21 18:33:06.869512+00:00
ac7b43,adsb_icao,N903KS  ,N903KS,C150,1200,1100.0,69.4,185.79,,1200,none,A1,,,27.966164,-82.005723,9,75,0.0,2.0,0.0,9.0,1,3.0,perhour,2.0,2.0,0.0,0.0,[],[],2544694,0.0,-5.8,,,,320.0,,,2024-09-21 18:33:06.869512+00:00
a5e78c,adsb_icao,DCM1010 ,N48PG,PC12,625,575.0,147.1,91.95,640.0,1351,none,A1,1012.8,2016.0,27.989182,-82.000263,9,75,0.254,2.0,1.0,10.0,2,3.0,perhour,2.0,2.0,0.0,0.0,[],[],2619736,0.1,-7.9,96.33,,,,,,2024-09-21 18:33:06.869512+00:00
a66c51,adsb_icao,N5128D  ,N5128D,C172,2625,2775.0,83.5,173.81,512.0,1200,none,A1,,,27.7807,-81.977973,8,186,0.157,2.0,0.0,10.0,1,3.0,perhour,2.0,2.0,0.0,0.0,[],['baro_rate'],703071,0.1,-17.8,,,,-64.0,,,2024-09-21 18:33:06.869512+00:00
a5448b,adsb_icao,N43899  ,N43899,P28A,3400,3425.0,77.9,344.36,,1200,none,A1,,,28.284485,-81.966353,9,75,0.522,2.0,0.0,10.0,2,3.0,perhour,2.0,2.0,0.0,0.0,[],[],7206157,0.0,-7.6,,,,-384.0,,,2024-09-21 18:33:06.869512+00:00
a81d69,adsb_icao,N6218E  ,N6218E,C172,2700,2725.0,88.0,81.5,,1200,none,A1,,,28.206207,-81.950877,7,371,0.388,2.0,1.0,9.0,1,3.0,perhour,2.0,2.0,0.0,0.0,[],[],754259,0.0,-10.8,,,,128.0,,,2024-09-21 18:33:06.869512+00:00
a0106a,adsb_icao,N103FV  ,N103FV,C172,2025,1950.0,103.3,265.56,,1200,none,A1,,,28.077301,-81.913587,10,25,0.157,2.0,1.0,10.0,2,3.0,perhour,2.0,2.0,0.0,0.0,[],[],2891815,0.2,-14.6,,,,-576.0,,,2024-09-21 18:33:06.869512+00:00
a9a1eb,adsb_icao,N72HJ   ,N72HJ,HDJT,40600,42625.0,357.3,291.68,512.0,0707,none,A1,1013.6,43008.0,28.389184,-81.887135,9,75,0.05,2.0,1.0,10.0,2,3.0,perhour,2.0,2.0,0.0,0.0,[],[],1555429,0.1,-8.9,,,8.0,,,,2024-09-21 18:33:06.869512+00:00
a05fc9,adsb_icao,N123KS  ,N123KS,C172,1925,1825.0,101.8,123.38,-832.0,1200,none,A1,1012.8,2016.0,27.951453,-81.882396,9,75,0.388,2.0,1.0,10.0,2,3.0,perhour,2.0,2.0,0.0,0.0,[],[],4104963,0.1,-8.6,49.92,,,,,,2024-09-21 18:33:06.869512+00:00
a8775f,adsr_icao,N64465  ,N64465,C172,6400,6700.0,90.8,352.41,128.0,1200,,A1,,,27.482952,-81.877934,8,186,20.751,,0.0,9.0,0,3.0,perhour,2.0,2.0,0.0,0.0,[],[],1708617,12.7,-3.6,,,,128.0,,,2024-09-21 18:33:06.869512+00:00
a713ee,tisb_icao,N555VW  ,N555VW,BE9L,1450,1400.0,151.7,5.67,,,,A1,,,27.560944,-81.877113,0,0,1.295,,,0.0,0,0.0,perhour,,,0.0,0.0,[],"['callsign', 'altitude', 'alt_geom', 'gs', 'track', 'geom_rate', 'lat', 'lon', 'nic', 'rc', 'nac_p', 'nac_v', 'sil', 'sil_type']",1281999,1.3,-3.9,,,,1280.0,,,2024-09-21 18:33:06.869512+00:00
a60732,adsb_icao,N488K   ,N488K,C421,2600,2725.0,169.2,132.36,64.0,1200,none,A1,,,27.423923,-81.84413,10,25,0.045,2.0,1.0,10.0,1,3.0,perhour,2.0,2.0,0.0,0.0,[],['baro_rate'],360852,0.0,-16.3,,,,64.0,,,2024-09-21 18:33:06.869512+00:00
a054cc,adsb_icao,N120MG  ,N120MG,P28A,5000,5100.0,105.9,10.89,0.0,1432,none,A1,1012.8,4992.0,27.556503,-81.825705,9,75,0.132,2.0,1.0,10.0,2,3.0,perhour,2.0,2.0,0.0,0.0,[],['geom_rate'],5374934,0.0,-20.0,18.98,"['autopilot', 'althold']",,-192.0,,,2024-09-21 18:33:06.869512+00:00
acc748,adsb_icao,N922TG  ,N922TG,B407,1500,1450.0,120.7,116.57,128.0,,,A7,,,27.669205,-81.812543,0,0,13.009,2.0,,0.0,0,0.0,perhour,,,0.0,0.0,[],"['callsign', 'alt_geom', 'gs', 'track', 'geom_rate', 'nac_p', 'nac_v', 'sil', 'sil_type']",779004,1.3,-4.0,,,,64.0,,,2024-09-21 18:33:06.869512+00:00
ac5829,adsb_icao,N895CR  ,N895CR,PC12,8825,9200.0,246.8,150.11,-1728.0,5542,none,A1,,,28.494671,-81.793428,9,75,0.416,2.0,1.0,10.0,2,3.0,perhour,2.0,2.0,0.0,0.0,[],[],7443650,0.1,-5.6,,,,-18112.0,,,2024-09-21 18:33:06.869512+00:00
a3cc4e,adsb_icao,N344BL  ,N344BL,PA44,975,900.0,107.2,171.42,-448.0,1200,none,A1,1012.8,992.0,28.062201,-81.78535,9,75,0.157,2.0,1.0,10.0,2,3.0,perhour,2.0,2.0,0.0,0.0,[],[],1193087,0.1,-5.8,49.92,[],,,,,2024-09-21 18:33:06.869512+00:00
ac8a1f,adsb_icao,N907KS  ,N907KS,C172,2875,2875.0,93.9,244.8,128.0,1200,none,A1,1013.6,2496.0,28.317993,-81.756873,9,75,0.127,2.0,1.0,10.0,2,3.0,perhour,2.0,2.0,0.0,0.0,[],[],5419423,0.1,-8.0,237.66,,,,,,2024-09-21 18:33:06.869512+00:00
ab4de4,adsb_icao,N8275A  ,N8275A,BE36,5300,5425.0,167.0,156.35,-512.0,0703,none,A1,1013.6,3008.0,28.366979,-81.737958,9,75,0.206,2.0,1.0,10.0,2,3.0,perhour,2.0,2.0,0.0,0.0,[],[],2362164,0.2,-14.9,160.31,,,,,,2024-09-21 18:33:06.869512+00:00
a64272,adsb_icao,N502MA  ,N502MA,ULAC,3025,3050.0,104.1,42.27,-64.0,1200,none,A1,,,28.082544,-81.647752,9,75,0.636,2.0,1.0,9.0,2,3.0,perhour,2.0,2.0,0.0,0.0,[],[],182249,0.0,-6.1,,,,,,,2024-09-21 18:33:06.869512+00:00
a57aa7,adsr_icao,N452MK  ,N452MK,C172,2100,2025.0,96.8,18.06,-64.0,1200,none,A1,,,28.018387,-81.563134,0,0,0.538,,,,0,,perhour,,,0.0,0.0,[],[],707515,0.5,-11.7,,,,,,,2024-09-21 18:33:06.869512+00:00
